Filename,Class
100H0004.jpg,Dirty colon feces
100H0018.jpg,Normal vessels
100H0001.jpg,Normal vessels
100H0017.jpg,Seeds
100H0015.jpg,Seeds
939d8662-e70e-4cfa-bed1-e7ca868f1f1f.jpg,Ileocekal valve
3c323c95-e4f0-443c-a9df-e01fa51ecff0.jpg,Ileocekal valve
869e6d61-d3c4-4d9c-bb42-d393b0ff18a9.jpg,Ileocekal valve
100H0008.jpg,Ileocekal valve
13eae938-c5d0-4d0c-8b52-956737f23358.jpg,Ileocekal valve
a6cc2e3a-6166-4ae4-9866-d2c7e4389d7b.jpg,Ileocekal valve
c2ab05db-6dea-43ff-bc00-3cf41e8dc54b.jpg,Ileocekal valve
8e29cd08-2055-4d64-9f7e-cc848674d5e2.jpg,Ileocekal valve
e1d3850c-ab07-4c34-9b2a-37123d985f64.jpg,Ileocekal valve
100H0005.jpg,Ileocekal valve
f239f90f-ab5e-4a59-9e05-62c31d8db942.jpg,Ileocekal valve
ef0a52fc-d69b-43cc-acc5-30ad885646b1.jpg,Ileocekal valve
78d1e8ce-a87b-488f-bb83-3587f4327e6e.jpg,Ileocekal valve
100H0005.jpg,Appendix
8a59ca6a-10d0-4a85-b6a4-6e79a4419a72.jpg,Resection site
100H0052.jpg,Non advanced polyps
100H0059.jpg,Non advanced polyps
100H0027.jpg,Non advanced polyps
100H0081 (NBI).jpg,Non advanced polyps
100H0028.jpg,Non advanced polyps
100H0011.jpg,Non advanced polyps
100H0070 (NBI).jpg,Non advanced polyps
100H0040.jpg,Non advanced polyps
8c42b64c-ffdf-44cd-b8e0-9672135ab246.jpg,Cancer
100H0003.jpg,Cancer
aa8b7400-b52b-4d4f-a2f5-caa91b7838e0.jpg,Cancer
2c30c880-bfac-4165-a885-7172da082b8c.jpg,Cancer
0848f0cb-1845-4ce9-b5f9-709e5b6908d5.jpg,Cancer
0f193528-a84d-4b8a-9be6-746096e31730.jpg,Cancer
2b7d791e-5fc7-46e8-ac0d-99dd739bba65.jpg,Cancer
7e38faad-bb8f-4063-81c0-26967a824acf.jpg,Cancer
0b946294-404d-45cd-bf73-7f180dca68d6.jpg,Cancer
7d92055b-cc4d-4a5f-844c-297b11f7fe62.jpg,Cancer
7c09fe64-79c5-4f52-a8f5-083ae555a5a0.jpg,Cancer
0d0658b4-5c96-4283-8ceb-f365206a9e83.jpg,Cancer
00d25b18-52fc-4a04-b985-4a0add1f4dfc.jpg,Cancer
0215f89e-3899-4676-b61d-64410fd1d783.jpg,Cancer
8b13a6ab-a652-47d8-9bc3-d32ea842e6c7.jpg,Cancer
0b54a431-20c8-4eaf-bd97-9c235b123ffb.jpg,Cancer
8de15878-b6ec-46e3-94fa-ae0231b2e6b9.jpg,Cancer
75d23065-cac9-4891-926e-56e9e0ab781a.jpg,Cancer
8a450016-dd41-4bc2-a0a9-069c8d52833a.jpg,Cancer
0954f230-f010-429a-8e58-b3693f65a325.jpg,Cancer
82a578c6-54a3-49b2-8e34-5cf2ae9fc4a6.jpg,Cancer
05057a51-65ac-4ed6-8909-be4bafd50078.jpg,Cancer
fa33d99e-fe7a-4d3b-ab2a-3794afcffb6e.jpg,Cancer
01a6ad57-7265-4f3e-b9bb-3a1ee6470b6b.jpg,Tools
7cdc3321-cce5-423a-b5ba-9a838d2a5395.jpg,Tools
2ac6d07b-71ba-427b-ad15-b3d4163dddbe.jpg,Tools
cdc9b11a-2b60-4f46-96f1-0e98f061be2e.jpg,Tools
fdd4501f-43a0-4b52-868a-fc80f9d2e6e9.jpg,Tools
7aa4ccb0-3270-4537-b2f0-a162c53ec5cd.jpg,Tools
d230169a-38fe-4e9f-9bb7-7f53a08f2244.jpg,Tools
14035d65-226d-4865-ae70-347d90ba7f85.jpg,Tools
f548d287-4278-4644-9dac-373888b271d2.jpg,Tools
8a42bc31-43b1-4e53-be6d-e1217ff6231d.jpg,Tools
d1f91dec-5d9d-4668-8a05-7d84da87f867.jpg,Tools
7a2aaad7-68fa-46f0-be1e-31b688c40314.jpg,Tools
6c4a491f-1f6e-4064-b10a-faca9781c103.jpg,Tools
76dedc8b-d01b-42c1-b363-57a728c39d72.jpg,Tools
58cd1122-7e42-4b1c-8fb2-6bc214cbdf34.jpg,Tools
9445bda6-ad21-4c86-94e9-2d3ad59a0d25.jpg,Tools
8f451112-6697-4635-8984-7fbc929195b9.jpg,Tools
901c0f32-a509-4a8b-b9c0-ef50302d1bef.jpg,Tools
6e32efab-5a9d-4807-a909-f7f5c40b8ed4.jpg,Tools
0d25cf1f-d171-405b-858f-14ab97d75150.jpg,Tools
2b45971f-c54b-46ac-bbae-55c92806f89f.jpg,Tools
6eec2144-ccc4-4715-b6b4-cabaa07d3eba.jpg,Tools
013dabe3-5d40-4430-a628-75eb55dff62c.jpg,Tools
ba4c03e4-ea27-4db8-b8e7-dab93f61e18e.jpg,Tools
9c2712c8-66b1-4ced-8e35-46abaa57a821.jpg,Tools
df3d8bcd-de07-41da-a5ae-9cf83e2f04a3.jpg,Tools
8afd90eb-fce5-433e-b5ec-f8136f87fb3d.jpg,Tools
8bb3dc39-674d-43fd-8cd0-fb22a5009597.jpg,Tools
805616ec-64a4-4979-8dd8-e56b9aebf1d3.jpg,Tools
ff08c2f2-ac8e-4967-a25a-8e77a375cd52.jpg,Tools
b785d11b-6101-435e-905d-784f9d98cdfb.jpg,Tools
829fec1d-de71-491a-b3b0-36f86ae31c94.jpg,Tools
5e4afc16-3eb5-4b20-9a98-5b6d8a0a1634.jpg,Tools
b472f005-6a45-48cc-b92b-d3181ca6d8ab.jpg,Tools
fe420514-ef4b-44bd-93da-389156e8a890.jpg,Tools
0b75ab32-ade4-4dbd-b7a4-88f49efb5d2d.jpg,Tools
849a1066-b7c4-443a-8134-f63faf55c446.jpg,Tools
14734d02-3b3b-4869-a6dd-1a2aa42cb2c7.jpg,Tools
6de4bf14-074a-4c00-9308-cf2613a094af.jpg,Tools
8f254e47-ee18-46a5-b25a-c66e90618202.jpg,Cancer polyp
8ec0680a-734e-4af6-a052-f133126f4ce6.jpg,Cancer polyp
8c76ea32-0109-4c31-bbda-1d3e398aa55c.jpg,Cancer polyp
0a4ba9b2-a684-4b59-9b3f-f2f7d09622b9.jpg,Cancer polyp
0848f0cb-1845-4ce9-b5f9-709e5b6908d5.jpg,Cancer polyp
0f193528-a84d-4b8a-9be6-746096e31730.jpg,Cancer polyp
80335b7d-4dbb-40e4-aa4c-d77bbdd464a4.jpg,Cancer polyp
7586d42e-6e02-4a24-b445-f009b45ce990.jpg,Cancer polyp
1a90c8c7-20a1-4f46-867d-aa2d253e743b.jpg,Cancer polyp
75d23065-cac9-4891-926e-56e9e0ab781a.jpg,Cancer polyp
8d6fa499-1359-47c4-8631-33ef28209fb0.jpg,Cancer polyp
9b68ceb1-d359-4e1d-9173-9f6bb9695221.jpg,Resection margin
6c2867a6-98e6-40c8-9e9a-3db1ac9c5909.jpg,Resection margin
6edbac8c-7eac-4b7a-9484-ffd60795ecfd.jpg,Resection margin
ff9564fb-3ba5-41b9-9d2f-1cb8f8ed3cce.jpg,Resection margin
8b0bcf41-ed3a-4064-b52e-f2463699fedf.jpg,Resection margin
3b0860ef-2e4e-45a2-b1d5-d1aed2a7c131.jpg,Resected polyps
6a83eaec-f49e-49e0-a3f5-820aee87b328.jpg,Resected polyps
009dbb6e-521f-4eb4-826f-20ecc6772d72.jpg,Resected polyps
e3122da2-bc1a-466d-9577-fb87e50b1eb9.jpg,Resected polyps
6dcbae64-1801-4c7f-8116-1bc129c77bcb.jpg,Resected polyps
0c900ce0-54eb-4fad-96b4-d083bd7e0b10.jpg,Resected polyps
9ae5f442-23b4-4dc8-a63b-88b93625a7aa.jpg,Resected polyps
8fa6cc0f-ec27-4448-a8aa-a9c9fb41cf04.jpg,Resected polyps
8e7b8875-8bf3-4219-bafd-2a850ddb8b61.jpg,Resected polyps
7f21aa9b-7d5d-4d2c-a92f-cda3207745b5.jpg,Resected polyps
100H0001.jpg,Advanced polyps
100H0006.jpg,Advanced polyps
100H0022.jpg,Erythema
100H0009.jpg,Erythema
100H0011.jpg,Erythema
100H0028 (NBI).jpg,Angioectasia
2b9fb936-db95-4afe-8c3e-53268fb1cc5b.jpg,Angioectasia
7ca36757-e947-442a-93df-bd4d9a34b999.jpg,Upper polyp
0ec9bab1-540e-442e-b61f-052666ece6bb.jpg,Upper polyp
6a5d65b5-43cc-4ffa-9da4-dd7b86ee9a08.jpg,Upper polyp
730a4c7d-807c-4a04-9ba7-7318d0273577.jpg,Upper polyp
848fa98b-1cba-4588-807b-0ceb3f9c35b0.jpg,Upper polyp
6c71f742-657e-4015-8537-5b58bb786db2.jpg,Upper polyp
8d25b6ef-1a95-46b4-af45-075110298b73.jpg,Upper polyp
8ba5f922-b760-496e-b325-f049d122ac61.jpg,Upper polyp
833d7ac2-c938-4bf6-9721-e847637c7e1a.jpg,Upper polyp
19b339b1-28f0-4946-970f-24517e31c1e1.jpg,Upper polyp
8f5dae06-df66-49e5-8a07-8447daf122e7.jpg,Upper polyp
100H0041.jpg,Ulcerative colitis
100H0011.jpg,Ulcerative colitis
100H0023.jpg,Diverticula
100H0025.jpg,Diverticula
100H0028.jpg,Diverticula
05fb3f75-feac-4f55-ae4c-a6f1fb8db41d.jpg,Polyp
1aabf7d6-b309-442c-94a4-ff895d00f5a9.jpg,Polyp
6a4ebdac-32ab-4487-8bbe-903f8cf52b72.jpg,Polyp
83ab523c-6956-4c13-83e2-073201884501.jpg,Polyp
8379af9b-bab0-47b9-9e26-7412342aa537.jpg,Polyp
04f3dd99-bee1-4deb-9c57-756fbdea0e73.jpg,Polyp
1b11a238-61e3-4510-bc9d-9f22b148d166.jpg,Polyp
0b2b6ec4-801d-4d0d-8f8d-c9397a917904.jpg,Polyp
8bc1fb46-1756-44ad-a437-479ac0320339.jpg,Polyp
056b5451-b251-4a54-bcc9-616971eca32a.jpg,Polyp
05530375-6f8c-4ff1-bd78-dea2851a4e83.jpg,Polyp
11702d73-de3e-44a4-8e22-fd7312a77ad4.jpg,Polyp
6b35bf74-80ed-4882-abb0-cd97595356a5.jpg,Polyp
06a5d1a1-e8c2-4ea0-b724-3830a4661d36.jpg,Polyp
72f9fe46-fc4b-41bd-a594-6c6efa5b4cf8.jpg,Polyp
8c30a9e2-17c3-458b-8432-78b3fef93cca.jpg,Polyp
8a9f204a-bcba-4fe5-9c59-1eab6e5b0021.jpg,Polyp
6700fe12-e528-4571-b814-565e468b75bd.jpg,Polyp
8206de69-66d6-4496-8103-75550aa834e0.jpg,Polyp
7a8b7ab1-b994-4691-86a8-e1b96c6285ed.jpg,Polyp
68b39d0b-b6be-45b3-8da2-3a692843c5ea.jpg,Polyp
848690dd-a519-4009-bb05-2b380c8fdf86.jpg,Polyp
84494803-28bd-43b5-8c1c-d07079ae29a7.jpg,Polyp
6e2b95d3-29d5-4903-ad14-d1b51bf95d33.jpg,Polyp
83186189-580a-45c3-b934-fe996ec7820d.jpg,Polyp
81db8dc0-8d5d-436b-b561-25366ba14bc9.jpg,Polyp
9099e033-42ce-44e3-80fb-9bcc6dbbc52b.jpg,Polyp
059a9880-1d63-4b25-9075-d588f21ff2d3.jpg,Polyp
0bd05a52-029c-4e73-ac96-8bde457c1bea.jpg,Polyp
0e6b4259-d82a-4671-922f-9af9e443194f.jpg,Polyp
764934a0-2cdf-4890-a3ea-e678f0a704a1.jpg,Polyp
8e0987f4-ba2e-4551-a366-f8460dd38880.jpg,Polyp
7c3d5ee6-6aed-4138-bb46-ca33cb85ec4d.jpg,Polyp
711622ee-af9c-481b-9ca0-53454e23dc48.jpg,Polyp
120bcf49-700a-43c0-9bcb-71f79ca04bcd.jpg,Polyp
8137752d-7f28-4f4c-8a6c-6652b58b891b.jpg,Polyp
8c177df2-af4c-4cd9-8274-cee2444a1081.jpg,Polyp
8fd095d6-b33e-4be2-9291-b7bcfc2b533a.jpg,Polyp
15cae3a7-1b71-4d24-806a-72e8c63d8d64.jpg,Polyp
013e19ea-40be-4677-b63a-0f5a071a226d.jpg,Polyp
82096679-c8d0-4366-9ab1-0384871c64f5.jpg,Polyp
045d2153-60a9-4311-8638-923e857a8d7c.jpg,Polyp
1a6b0fdc-f452-4a70-a1ca-97bde23c204a.jpg,Polyp
0a543c1b-f582-4b16-a378-997ccf82943b.jpg,Flat polyp
100H0009.jpg,Ulceration
100H0005.jpg,Ulceration
2c08f99e-cdb0-4104-a344-c0642b9654e2.jpg,Normal
01ccd918-5e11-4a15-b865-17c56ef99fa0.jpg,Normal
0a90a3ab-f1e0-4fdb-a30a-d43e11164688.jpg,Normal
16191922-8c2b-45f9-a352-f2aec0de9e4f.jpg,Normal
154a106d-120a-4111-95f1-7705d539bdb0.jpg,Normal
043ce398-fa48-453c-bdb4-65ebc15f25b7.jpg,Normal
80c13355-0839-4b61-8c35-bc0e02bc8132.jpg,Normal
05fe86d6-efa2-4aaa-b8d3-a9260b6d74fa.jpg,Normal
38616119-b331-4c5b-967e-1f895bcbc0f3.jpg,Normal
3b114982-a298-4d01-9f4c-f213b456b7d6.jpg,Normal
0c8e270c-d249-41e9-8c7c-e21752b7af28.jpg,Normal
1006d585-0cd0-474e-9c08-aa4820b6fb1e.jpg,Normal
0e7b9862-300f-4024-8639-dbeacfd2c1f4.jpg,Normal
10a14789-5744-4e3b-8339-5ebb09eec570.jpg,Normal
0a7b85c2-cbeb-4499-a036-9045d5334e79.jpg,Normal
19e78303-4731-460e-82bf-3d21f7a0fe3c.jpg,Normal
13b13484-5e14-4ad0-9d8f-2b2cdd859586.jpg,Normal
0cf80928-75cd-4a2c-afaf-840fab771154.jpg,Normal
0f6b9be4-0dca-43ef-a8a2-bd6420a806d6.jpg,Normal
0fe49ff6-e1a8-4c10-bb95-d5c48a95f7d4.jpg,Normal
167f4bcb-c2ba-42bc-a380-906a1e68a0b7.jpg,Normal
3595641f-2722-4eec-9b23-2c2234ca56f7.jpg,Normal
0d5fdeff-daad-46d5-a7a0-c752820a1594.jpg,Normal
159a03e9-57fa-43fe-820e-a412ae3b68bf.jpg,Normal
10daf527-3440-4e0e-bd54-e034449c82e7.jpg,Normal
64529687-4838-4833-ac35-824ab289a72f.jpg,Normal
0616cab9-15b8-4818-abfe-ca944cfa2289.jpg,Normal
0fe9a97a-7a17-4b50-a64e-fb46ec48ebf6.jpg,Normal
058b3059-ff83-4a24-b211-954dec512a22.jpg,Normal
1c17e7c2-f0a7-4d5e-8aec-83ece6fe64d9.jpg,Normal
0ea382ba-552f-4787-94fa-9c532565bec7.jpg,Normal
0c784d58-6391-483c-901e-f4aeaf0cc13a.jpg,Normal
31cd5a39-c0c6-4a6d-899d-80d31a9231c6.jpg,Normal
0a88c3d0-3600-4def-b584-9bdacb4ed174.jpg,Normal
15e884c2-6029-4992-b30e-7c1e0853a078.jpg,Normal
19c5eb74-900a-4316-90f2-af5257a290ac.jpg,Normal
07caaa2a-315d-474e-814c-9fea4ab45611.jpg,Normal
1a45d6e5-c28b-4f3c-8f20-423df2137ed6.jpg,Normal
1b0d002d-6d8e-43e1-a3f5-5a317e7a83b7.jpg,Normal
18773720-aee0-438f-9aa2-4724d90c2f0a.jpg,Normal
044f1f6f-4c25-48f1-9cbb-b47d4386ad3b.jpg,Normal
0bffdb84-9dc1-4e2e-92b0-111cdab5be40.jpg,Normal
1882b031-2d07-4600-a106-3c5995afe249.jpg,Normal
1a01e28c-b988-4c93-aff1-66efffe62c02.jpg,Normal
28bb34c2-73ad-4d73-a20a-5f877965aea1.jpg,Normal
0a76b3a8-6f2f-4819-9986-a5360d0f3d98.jpg,Normal
00ce6a3b-2065-4152-8064-683c49f3a555.jpg,Normal
06328d9a-0772-449a-a4a4-7fb3d924f71a.jpg,Normal
0d9e5f1d-202c-48eb-ad75-800063e06231.jpg,Normal
8fafc371-0dba-4336-aea3-90a891ff22b6.jpg,Normal
0f10ce09-721d-4d3f-9702-bf1db666097e.jpg,Normal
1a54c921-d7a0-47e8-876f-1e98f1b7fc1c.jpg,Normal
56036204-19f3-4ad8-ae4f-2b47b3f0b653.jpg,Normal
196b0ef4-254f-4e9e-a24e-f14aa1ff34c5.jpg,Normal
01020cb1-aae6-4271-8b80-c2d40cd8a8e0.jpg,Normal
1adc4010-76e9-4c09-8145-99eeda39fc83.jpg,Normal
05f75744-0cb4-4ca1-85fd-c05557703cf5.jpg,Normal
04ffc1b8-a37e-449b-b507-350f99df9d23.jpg,Normal
3b56627e-a7a5-4614-8d72-4ff7b69803b5.jpg,Normal
08c58d3d-5378-46ce-adbb-f17912bb9f47.jpg,Normal
1b196a21-430d-4932-9d2a-a04db7a088b2.jpg,Normal
1d7acde7-97c6-4524-9f2d-15994c201970.jpg,Normal
09a8c65a-5889-4523-ac88-baf51b339a38.jpg,Normal
1618b512-aa98-4e9a-93f9-fa92c4606a08.jpg,Normal
03e9118f-c3cf-44b7-8227-331cf7228b42.jpg,Normal
38753fcf-4a6c-46aa-ac22-7874b231bbc1.jpg,Normal
0c723299-74a1-45f4-90ba-7d20f5898d70.jpg,Normal
07fca870-bf13-4250-aed8-12af06530a2a.jpg,Normal
0d936655-ade3-434c-8f5c-3020e229731a.jpg,Normal
166ad8ce-c590-4978-9896-1f2ec52b0085.jpg,Normal
06edfbac-ef10-41a1-a2aa-37d6af09e612.jpg,Normal
0cda85fc-9ac0-4997-80e6-29e15bde84e7.jpg,Normal
02a0c254-5698-4ec3-943b-9f4016d8498b.jpg,Normal
0eda882a-825a-4420-96cf-f9cc99473229.jpg,Normal
1a563223-0a47-4845-9151-e3cb88836cf2.jpg,Normal
290b3d40-2d52-40c8-8278-33c095d06bb3.jpg,Normal
09a6265e-c19f-4ceb-be0a-878ff5fcb482.jpg,Normal
0c774dc2-970a-4772-b076-dc21d57e08ff.jpg,Normal
1b3c2ca5-8938-4760-b357-0e451fd7dcca.jpg,Normal
0d05f28f-de02-4fff-8494-abf1f948a5ef.jpg,Normal
02a3a6bd-786f-4cb7-91c2-24b2f2ad9646.jpg,Normal
19559895-5989-4585-aa1f-7289b3c65513.jpg,Normal
0ea2f2fc-b89f-422e-9ba1-e35f06e8dc0f.jpg,Normal
1b1f4042-1297-4159-83f7-5332cf5ec865.jpg,Normal
03d827bc-94c9-4156-abee-5bb1416fdac6.jpg,Normal
0390543b-631b-48ea-b8bf-873697a76168.jpg,Normal
13701648-0267-4557-b43d-56c87d66d429.jpg,Normal
65926228-926b-42d4-95ba-30b29e7c2cbc.jpg,Normal
04be4447-9281-4c3a-b03e-6d936e0e422c.jpg,Normal
1a7ff651-0936-49b3-badb-93448e8aad7e.jpg,Normal
11b28ad0-2f52-472f-81a8-5e6add4e990d.jpg,Normal
21b4129b-d99e-49d9-9c15-b2f5c30e05ce.jpg,Normal
10213ade-51ae-43e2-ba8f-13cab363da67.jpg,Normal
1d92581e-8a0c-4d99-9890-b819062e5b7f.jpg,Normal
02caab62-5edb-4a13-9d8a-c0ac54d5389f.jpg,Normal
08d6bd5b-74d8-4862-a3bd-31c49a55ac1c.jpg,Normal
02c3b4f8-109d-429c-9dc1-1a8eecc84116.jpg,Normal
33104328-3984-46cf-8c56-0f7ed3fa22da.jpg,Normal
1b9c6e59-d9a7-4356-b47c-028be3fd1c7e.jpg,Normal
1b7738a5-d88a-4d46-8fb8-dbbd9ea1f8e5.jpg,Normal
05fd5feb-5b9e-4dbf-a9bd-7f7f31e26b4e.jpg,Normal
2abd9e45-84d6-4819-afca-c4066808daa2.jpg,Normal
04586a0f-02b3-4e3a-a151-290edb49c018.jpg,Normal
037b9e2e-c791-4f90-9333-f53fc8a29b04.jpg,Normal
023a8b66-d7f3-45b3-8433-083e70231329.jpg,Normal
36015032-5220-4de5-82e8-0eb694c12a55.jpg,Normal
03b0855f-bc6c-4af5-a942-500b6513b72b.jpg,Normal
2aeddad4-acd6-4951-acf0-ed679b753ca9.jpg,Normal
0dbe9731-34c1-47a7-9c2f-a01a64fcd2d4.jpg,Normal
11b9e9a3-38f6-4497-bbaa-0bee5c6313e2.jpg,Normal
0e030a54-6757-46a3-9226-9ba4f6f5fd5c.jpg,Normal
069fef67-d663-40a9-8d9b-3d35dded8eeb.jpg,Normal
0e116e51-9a71-4575-84d3-ceaa4525b3b3.jpg,Normal
0c40e34f-844f-475e-88d1-0883e56560fe.jpg,Normal
03a9d3e0-f740-412f-ab55-e34cd6cb4bb4.jpg,Normal
0d51fa2a-902e-4632-a9e7-c7e8f6fd4f2a.jpg,Normal
03b9d169-1f41-48a8-91bb-25593e315a6d.jpg,Normal
0f7f67a4-2a66-4ac2-a69e-081d32e885ec.jpg,Normal
04f16e61-0c3b-4e1c-885b-05c1ea7b401c.jpg,Normal
09f4af95-64a5-4d86-86cb-e76b77ea7ad7.jpg,Normal
072d3000-50ce-493d-956d-542cf3474a11.jpg,Normal
05d59270-ef48-42b2-bb42-cc2f27c02cd4.jpg,Normal
06de3b94-dcaf-44d7-bcf4-116db74e15be.jpg,Normal
181f1a5d-3da3-4a42-9740-5b12b49864ff.jpg,Normal
167bc1a2-962c-4b60-b5cf-7dff02610338.jpg,Normal
1c9d292b-da4f-475c-aa00-74f7d64053df.jpg,Normal
0f31c828-ab29-4b77-9ed9-c9d427e23b70.jpg,Normal
0c4b397e-b1e5-4ed2-8385-1866f537f042.jpg,Normal
1841f3a3-d3b7-42de-8c23-f179eb8e3d18.jpg,Normal
1aca1c59-83e3-4a56-ba5b-189d208745df.jpg,Normal
1f2026e4-f630-4087-8f82-6f8e2884f102.jpg,Normal
121601ce-4ac3-4bff-9a8e-22c96fd326bd.jpg,Normal
1f9f6c8e-95d2-4956-b684-3428401789f1.jpg,Normal
02ad6855-fcbf-4be7-88d7-9bbe133fba76.jpg,Normal
0f3bb6df-56c9-4645-a43e-7fea567ca519.jpg,Normal
199fccec-f8d0-4594-9397-31a1f3191399.jpg,Normal
25e40c63-2ce6-4199-92ed-501b2d57026a.jpg,Normal
10b2aeee-bf1c-4cb9-97da-42e143968648.jpg,Normal
0633adfa-29a7-42b0-8ed0-82393a7c1832.jpg,Normal
17658795-d544-464b-b7ca-33290b2ddcd0.jpg,Normal
02c58d40-e531-4237-8e9b-3237083ac6e3.jpg,Normal
213a154a-1640-4e1f-871f-21556a21cf6d.jpg,Normal
0c7a36f5-f00a-423f-ac34-e67dfc20e712.jpg,Normal
0a2d1f5c-6adc-47f6-8d22-5f348df681ba.jpg,Normal
02b4d6d1-8033-4d03-a81f-abcf780e4ec1.jpg,Normal
00653f07-5870-4586-9a89-60c716ec5602.jpg,Normal
1d141026-5d18-408e-87f6-9787b3a142dd.jpg,Normal
0530742e-4e65-4288-8a8b-d3b694a827e8.jpg,Normal
0a3091b3-518f-48d2-8baa-ca5affe5bbfe.jpg,Normal
0e1ca455-a0ef-4175-989a-a6b57dbaa768.jpg,Normal
065114af-d8ac-404b-bf58-a5d35bb15fba.jpg,Normal
1af72708-671f-469c-a6bf-d2a781ed945d.jpg,Normal
0c06402a-3b89-47d5-a065-1d5336b665ab.jpg,Normal
0a82faa3-8f6c-47e0-aa5b-c230f9382826.jpg,Normal
010b8000-8aaa-405c-affe-a82a58426d55.jpg,Normal
02e5b1e4-86b5-4c5c-be22-4fc56e01fb26.jpg,Normal
01caee7f-7159-47d2-808c-79d6cfeb9772.jpg,Normal
508807b5-f433-4baa-b6ae-d3c3f21c7abd.jpg,Normal
01fec3f9-3593-438e-bb9e-8c492cc0c34d.jpg,Normal
8dbc33db-39e2-40ee-82cd-d7d8042cb8a8.jpg,Normal
02bfb790-2f62-474e-8856-008c4000d59b.jpg,Normal
0b82da9b-2f7c-4439-b0dd-2ee8504c158d.jpg,Normal
04a5abfd-4970-4fad-bd80-587ecde2f323.jpg,Normal
0e640b22-9cbc-425e-bc09-5c734758fcb2.jpg,Normal
0ad730b5-786b-405a-9ed3-c3ca06a9cb9c.jpg,Normal
1e49919c-3cc8-4fb3-9158-6f3afd7dc1cb.jpg,Normal
0bac0579-11b4-4c05-896d-7b85c9c5d4a7.jpg,Normal
0b826020-190f-43dc-9515-22ae1b92e49f.jpg,Normal
12801937-c217-413e-9674-1bff3bf45670.jpg,Normal
00510c9a-40b3-4346-a308-5711d78ba8ba.jpg,Normal
0e1cb281-f616-4d88-955b-d1fadd6d873c.jpg,Normal
0d11ff5c-4fbe-4358-8b42-b69f23109c26.jpg,Normal
1a788b16-3d65-42fc-a208-1028de99f0c0.jpg,Normal
0c581d70-6b2c-4973-91cf-9883dfb0acd6.jpg,Normal
0914eaf8-5a91-47d9-8557-e4e4ce6862fc.jpg,Normal
51298800-449e-405c-a270-7e196680b1fe.jpg,Normal
2a473b02-8631-46e9-8f89-c7d5fd152320.jpg,Normal
00f4c98b-408f-47d5-a82a-89e35a8ae7ba.jpg,Normal
031d9e17-3d3a-4b51-b340-a1fbff382ce7.jpg,Normal
0bdaa0cc-7e77-478c-b4bd-7af66af6657f.jpg,Normal
0c1c95f5-8da9-4e0d-876a-2cf0fd61e6b4.jpg,Normal
04fed526-93cb-433e-b5ad-042c32bbdd7d.jpg,Normal
0f5d80e1-0b65-4114-b877-aef4dc9e21b7.jpg,Normal
195e092d-8c88-423a-add3-8774362b318e.jpg,Normal
1e0d738c-f45b-4441-ace7-8fcb81db9fe9.jpg,Normal
0c81b008-a3f0-40bd-94d5-fc5c30f2235f.jpg,Normal
0b6e8449-7982-4ff1-9456-2cb77c3e7971.jpg,Normal
255eaa52-9098-46c9-a252-d6d1998a467f.jpg,Normal
56289831-a722-4541-bca3-0ec2a23d3996.jpg,Normal
11cec1a6-f4da-46f7-8084-7fb12efe404f.jpg,Normal
1d119601-469e-4685-b6e6-6f9501b5a331.jpg,Normal
8dc72aad-d984-4ae1-abcd-f2783659fcb4.jpg,Normal
0b9557bf-f3cf-42f5-a5fd-c5d858cca5ec.jpg,Normal
003ef0af-3fc5-4b42-b90e-37c2847fb6df.jpg,Normal
2b305d4e-2fd5-4ee9-a804-0ad7664ef0d7.jpg,Normal
0f22b51f-6cb8-4d41-958a-3c4d7b6e9fc5.jpg,Normal
003d57f9-c723-4ffd-8b56-b3bba23d122e.jpg,Normal
1ca80534-8824-4d1d-922c-f436f3ce24f6.jpg,Normal
0cebc63f-f7c4-41a0-8d07-bb4dc7a0c9a4.jpg,Normal
130df9cd-7253-496f-9b59-916487ba45ff.jpg,Normal
0f9a9f90-3908-4801-83c8-8dffd8091683.jpg,Normal
029f935c-e1f2-463f-8547-23d6e5a2425b.jpg,Normal
03bc4ef6-857b-4461-ab4d-903d6436c568.jpg,Normal
26ea0cb7-45af-478a-b83d-815d0f58b184.jpg,Normal
07d98d1b-25eb-441a-b7c8-c6bcf908373e.jpg,Normal
0c40efac-3feb-4ec4-a3b3-f169fa6926f6.jpg,Normal
102e7d82-47b3-4de9-9211-bd68c355ce8d.jpg,Normal
04b9e7b8-7a1c-4522-ad0c-c5c5c8914efe.jpg,Normal
2bbda425-1bdc-48ba-b3d0-62a2c8f7886a.jpg,Normal
0e65f025-0e1e-4658-928f-089501278944.jpg,Normal
0f44323f-1e6f-4e00-83eb-3d6a311084ba.jpg,Normal
12ee4cac-a6ca-404b-8dcb-da48c2f26c9e.jpg,Normal
0c831e20-21dd-467a-a557-f5cce8059dea.jpg,Normal
09f110b1-8f1a-49f0-9a3b-041fb15c6676.jpg,Normal
0fe0da72-8f6e-48ae-ae7b-9d182dbdd64d.jpg,Normal
07fd8552-03ce-4661-ad78-9985681b6cca.jpg,Normal
06b7edc4-96a5-445d-adc9-a2b5cd178530.jpg,Normal
0bc4b686-a380-45d3-b8b5-40265893c3e6.jpg,Normal
0ba85b5a-ef34-47d4-8f5d-7cbc8fa54189.jpg,Normal
0ec7800b-3aee-4ae2-8177-4afbe81b35cf.jpg,Normal
0984e635-714d-429f-bf0f-d795f726cb6c.jpg,Normal
308c2827-1192-4ce1-b1e0-d6984b955b3f.jpg,Normal
0be193e4-8385-46f8-9c6d-8b7d798ef6f5.jpg,Normal
017449bf-0c2d-4ba8-ba6b-041af1bd2521.jpg,Normal
0d28e2c9-2f2a-4db2-84a2-1b52158ebd2f.jpg,Normal
1ac42747-72cb-4121-a18d-8e93fdf72c97.jpg,Normal
2bf2e7fd-d7df-4bf9-b4bc-70241480e2d9.jpg,Normal
0fb31f90-bf11-453c-a885-1cb9cef93f40.jpg,Normal
139b826f-8662-41e7-aaf6-0543e861a786.jpg,Normal
52393599-2521-49d9-b2af-b2f42dca98fd.jpg,Normal
0f0616c9-54e6-47f9-8d41-8a4c0a08f627.jpg,Normal
1bf5768e-6a27-4e92-8851-d345cd552952.jpg,Normal
1698a23f-8062-4ba7-a169-10fff125cb2c.jpg,Normal
0d4d6a1c-803b-440e-ae94-b8dbcbbd1844.jpg,Normal
0f0a88b9-d582-4850-8733-56e42ad2a81e.jpg,Normal
0e063f1e-e15d-497e-990f-68ab7d31451b.jpg,Normal
0c07ad76-96ab-47b6-83dc-feaa366668c6.jpg,Normal
0107673e-9bfa-4829-8c87-8df44e301d63.jpg,Normal
0c045fce-2cea-4904-9371-42ee1e77b2a9.jpg,Normal
19f07bb5-214b-46a6-a1dc-d8170bee8e50.jpg,Normal
0e0c9711-45d1-4c70-9273-fd09d038c917.jpg,Normal
0cd37c37-c61a-4f2a-bf33-69083ef2b706.jpg,Normal
01c9a237-aa81-456d-984a-20aa8c535531.jpg,Normal
06b1cab8-6268-47c3-9ad5-061ec2e82b5f.jpg,Normal
143a3a46-dab8-458d-85c8-338294f8c95e.jpg,Normal
064c1622-e0b5-4450-a489-74800f71f249.jpg,Normal
02bbcdde-a744-4043-9927-c692fad1c431.jpg,Normal
0f157e29-9456-4500-b30f-45205e3af353.jpg,Normal
0b96d403-9699-47cc-9561-9377e7d4c7f5.jpg,Normal
0c0ae1e4-8f5e-4120-930d-b3c6cbb2c9bb.jpg,Normal
11b7eab0-bcef-4d4b-9136-ebd6913de706.jpg,Normal
04b9d1b1-8ad8-4d9d-b735-6efb92fa96b0.jpg,Normal
0e874c56-9947-4f6f-ae5a-e60d4d20e9e3.jpg,Normal
04675a9b-4858-439c-9199-94426a1e76a5.jpg,Normal
1fa5e20c-23bf-4ce3-af91-0f6d293171d3.jpg,Normal
06d26373-a5d2-4b89-b677-47661bf52c88.jpg,Normal
02f08309-d17e-4380-b728-fa0ffa1eeff4.jpg,Normal
61038798-4226-4f38-9b8f-e929c4140875.jpg,Normal
06011218-e4a3-49ca-853f-4ff0d9b02544.jpg,Normal
113f7e72-b6a4-47cc-8a1f-7e4b44443206.jpg,Normal
13ba4eb3-94ad-4671-a4a2-83103a7cb794.jpg,Normal
0d576944-c4a2-4017-a877-778f10a3735d.jpg,Normal
0b235477-ef8c-4518-a587-ea46f269f25c.jpg,Normal
0d96f7f1-d343-4e8e-98db-3fcaf4b42fbc.jpg,Normal
00e7fbe3-8732-4f25-93af-f1abe8c47fc8.jpg,Normal
0f9b8dc7-2c4c-4759-96b5-42dcb66de912.jpg,Normal
0cb92050-d478-4ef4-a828-8930dd27fe25.jpg,Normal
0c2a78a8-00cd-40dd-829e-2c1686952d57.jpg,Normal
2504b5b7-63bc-455e-b553-0eecce5bf7d6.jpg,Normal
12aaf0fd-d7cd-4623-bc37-46082161b241.jpg,Normal
0a9423a0-c55e-4380-afc1-bb8007893fd5.jpg,Normal
0bf92142-f643-4ece-905a-b8a77f9ebdf8.jpg,Normal
333aef85-603a-481e-bcdf-247ba548c3e0.jpg,Normal
0a80b0fc-15a6-40ee-9858-54c311bf006a.jpg,Normal
06342f74-a135-4423-b648-d8a5e69b211b.jpg,Normal
01f75346-7959-4a9c-a5c8-a68711b25f11.jpg,Normal
1bfb668a-d703-49cc-806e-a43cac23f452.jpg,Normal
10fbf9a9-2154-4147-9f10-436cc335d98b.jpg,Normal
078abdd5-652a-40a6-bf33-da16f687a01d.jpg,Normal
1f0f2ba8-1985-46bd-9f28-e458da1f6176.jpg,Normal
0f9c0b9a-e173-46d8-8ba4-738ee4925fe9.jpg,Normal
42941344-f921-4ec7-96b0-e5e38fcc89f4.jpg,Normal
112ae73d-0860-413c-975c-3a5d06519651.jpg,Normal
09670637-275b-4a1f-8624-cf1595c4a31a.jpg,Normal
0dd41a5b-c69e-42de-bcc8-a8e674e26a95.jpg,Normal
0c59616c-fa60-4194-ba0c-5a99e2ff9b84.jpg,Normal
02bf3346-9c9f-49c6-9f4e-8dd79aaa99fd.jpg,Normal
7d18456b-f170-4a9f-94d3-7805b43ad3ca.jpg,Normal
02ea1ab5-6eb8-43a3-832a-3711d608f791.jpg,Normal
1c17a2b7-cec8-46f9-9434-8a07cd7489a9.jpg,Normal
11c44713-6da6-4f29-bc3e-3b4aa35bbfb2.jpg,Normal
1d76bce9-3d0d-4a6b-b9dd-7545ee74c8d3.jpg,Normal
0c9d74fa-1f09-4d34-a8bb-8579c339ecdf.jpg,Normal
00d50920-b3c3-4470-9105-c119ca50324c.jpg,Normal
01af3454-037f-4708-b73c-6ec4423b6a61.jpg,Normal
070fb54b-958c-4749-9909-2c492129668a.jpg,Normal
0e863f72-d9c6-4ec1-8b12-8173b907097b.jpg,Normal
19b19b8a-026a-4720-8aff-0a41b0d2ecc3.jpg,Normal
08cfc032-c6c5-4bf0-87ed-f3cc2b5b5398.jpg,Normal
0be48793-5cb2-4b0b-9dcd-9f7d23c089e7.jpg,Normal
8db47ba1-3c86-4cd4-a38d-fa9d87d4be8d.jpg,Normal
1f296c27-fa70-4f8a-adfc-25e96632b275.jpg,Normal
11b11c8e-4bf8-4a79-8f64-1c8ddbd5094b.jpg,Normal
008dc060-b7ed-4911-8fbf-07ab3d88e824.jpg,Normal
021e4af6-490a-4af6-af79-785954bd88fc.jpg,Normal
07f4d0e3-54d7-42de-b2f1-14f816da9a05.jpg,Normal
163ba77a-11f7-4f01-bdc9-3d964ce82ba1.jpg,Normal
0a705c2b-b8eb-4b13-bc0c-63bb4a2fd166.jpg,Normal
0ed816ce-a7ec-481a-b863-5585579870ca.jpg,Normal
0714e241-813e-470e-92c1-daf0ed01c925.jpg,Normal
0e462b59-ec33-4baa-934e-b29f6322e652.jpg,Normal
27601477-0413-42f1-b472-0c791c73ea60.jpg,Normal
1e7ae3f2-5af1-4b32-bc80-79d7bed9cedc.jpg,Normal
1f1886b5-8400-450e-ada5-fbac0b776288.jpg,Normal
0df51384-8026-4787-82ea-50db2ea64e5c.jpg,Normal
0be24d81-ce8d-42c2-a096-cf2b3b77a377.jpg,Normal
12189db3-af66-486a-921a-6794cac4f90f.jpg,Normal
0dba9108-18c7-43c6-b3ae-28e01b3d56f6.jpg,Normal
0ca9e53d-ec06-4a5f-a5c7-f0edae573336.jpg,Normal
0606c12a-1df9-40d3-b643-1a3fa8cd4e64.jpg,Normal
1738393d-7bf2-48b2-8685-380f4cb95e18.jpg,Normal
1a3bf1e8-8eb0-43c0-aa9f-29c2e7eb018a.jpg,Normal
19930dc1-8e4b-4aba-a3f0-49550e2739e6.jpg,Normal
1a9998be-e37f-4ea1-ba50-2deb1a21853f.jpg,Normal
0d14ca37-3538-48c3-94ac-8a0be68b29ad.jpg,Normal
0fa7c40f-305b-4988-a419-887dde449d9e.jpg,Normal
0e5c53c0-4d72-4e78-82dc-b9209989efc9.jpg,Normal
0003a65f-9204-43a1-8216-f9c1e17acf19.jpg,Normal
1f533494-b483-43d5-8e15-27281f5fbe67.jpg,Normal
11f3e976-f9f8-4756-9a98-ba8c12b7bbd0.jpg,Normal
0c69ebd2-abca-4f43-87cf-2bb25a3e5c09.jpg,Normal
1b597bfd-0c24-43b3-ad31-846bfaa0c867.jpg,Normal
26782394-1342-4798-b8ad-908e3ea1c664.jpg,Normal
09a2fa59-8ddc-462e-97f4-0d5d3c2d47d6.jpg,Normal
1a1cdc7b-c755-444f-9e9a-7991f5a69c43.jpg,Normal
1ca48497-7da9-4e93-ae31-0c7dbd4c16b9.jpg,Normal
0f809ef7-bd8b-4bbc-b25f-a80ab38d3b5d.jpg,Normal
0c265c26-73ee-4f70-ac24-09296d228347.jpg,Normal
00b18205-e9cb-4ae6-aacb-059fbbf926c8.jpg,Normal
0fdebf17-bda4-4e95-aa4f-8a03dac24094.jpg,Normal
0da5a290-8d84-4798-97f3-2033aaccc68d.jpg,Normal
1e26580d-588e-472e-a7d8-12163c66c675.jpg,Normal
03d54926-e9e7-4510-affc-e24636df8016.jpg,Normal
02d7707d-058e-4969-8af5-af395b35e864.jpg,Normal
05eedebf-b826-4b32-a0e6-aed4931ac45e.jpg,Normal
1cd6361c-e452-4dcd-a1c6-420178bee335.jpg,Normal
07d031ae-349a-4b64-bfc7-a46328000307.jpg,Normal
03fd136b-efef-425b-9870-a1d1c7beeb07.jpg,Normal
04bfea49-32d0-4a90-88b5-3ae3eacb9fa1.jpg,Normal
1aa7cf73-b4a6-4710-9f64-d1d411c05d8c.jpg,Normal
0f26d303-6ef5-4b5f-9f71-ee76dfcf50fb.jpg,Normal
1ce4477e-90f3-4a8c-a149-db94dbebc924.jpg,Normal
0e5459fe-693d-4aa5-83e6-37e5980ab8bf.jpg,Normal
00ca34ee-7adc-4d60-909a-6ab51a1dcd0f.jpg,Normal
0770c168-a101-4943-b563-d40313693df1.jpg,Normal
08f00e81-e663-437a-9998-f25f24b5926c.jpg,Normal
03a98ea4-0c92-43b2-8040-8b54a6407040.jpg,Normal
168f477d-6b49-44ae-9cd4-7a0a474a89ac.jpg,Normal
0c1a540f-24b5-4685-a355-214839d9922c.jpg,Normal
0c35936f-f357-42e6-9cc9-95e00da484cc.jpg,Normal
05cc3ad5-62fa-48fb-8028-f1e2568c8db3.jpg,Normal
014a385f-a7d1-41f3-965a-654527d7ef92.jpg,Normal
0b44810b-6650-4964-8aaf-452ba302d2e4.jpg,Normal
0a74ef3f-0e6a-4215-ae30-a0ac3d54a84d.jpg,Normal
0e8f6662-b624-41f9-bd12-ad1b40d01825.jpg,Normal
0f83283c-9e34-4ee7-86fd-23028044c019.jpg,Normal
02d45c27-691a-4dfb-a144-b7bbf0ca4027.jpg,Normal
03dbacf8-be79-4681-9561-3ce66fd23230.jpg,Normal
263ea0b2-b561-41db-9ac0-891f0e6e8e3b.jpg,Normal
0ff8280b-a022-4ddb-a7d7-d21cd47a4fc1.jpg,Normal
20b97298-6921-4082-a989-2788df6da1ef.jpg,Normal
8ff9a406-abc9-4525-ad21-e43fb19b2994.jpg,Normal
0664ad24-7de4-4d9b-8d7f-e199edbe0ae2.jpg,Normal
0e5d0e3e-ebec-440e-8e1b-8b1ec399a242.jpg,Normal
05f7f58a-36c4-48e3-96b1-2d8ad5fb450c.jpg,Normal
0d881aa2-88fb-4beb-b962-35963c741e63.jpg,Normal
0eff5032-6d34-4df9-afef-856e617bceda.jpg,Normal
18f48d9c-3598-44e7-a53f-387562b74754.jpg,Normal
0a4a0065-ba06-41e9-bd11-397d7dd6ea56.jpg,Normal
0b44a0bc-4e0a-4130-a395-1575b8d5eee5.jpg,Normal
02cf1513-45df-4777-96a0-8a917420d6da.jpg,Normal
04ddf29d-0c9b-4422-968e-6a6be8dc80b8.jpg,Normal
0d68ba76-2f99-4af1-a56f-6a4fe3592fca.jpg,Normal
1161c447-28b7-4251-93fa-74171f2d689f.jpg,Normal
02fe1075-6030-452e-a7a6-e48874f7ba66.jpg,Normal
0f0f2069-c486-4c90-a7f4-e3ec6b1b8003.jpg,Normal
0f715a45-ec73-46e8-a275-b9a7468315b3.jpg,Normal
0df4e8d3-7622-4271-840b-2bbfb22fc317.jpg,Normal
0c09f179-59f9-420b-b9f1-b996a9480f35.jpg,Normal
0fb12c53-0825-4f9b-a6d5-435d9263b13a.jpg,Normal
3862909a-a8db-4d86-98b6-90bb4f984134.jpg,Normal
04e9759b-cb6b-4f12-a5f3-af51658d7598.jpg,Normal
0c9ae570-1bb9-44ee-96db-11deabcc791e.jpg,Normal
0e462695-39fd-45af-b520-fa040e855c48.jpg,Normal
01c2a13b-d182-45cc-8e6a-7096e59a639f.jpg,Normal
1d07a40f-9cc8-442c-b87c-56c397dc9951.jpg,Normal
0df4a00e-52a3-4c26-9021-8ab742259810.jpg,Normal
10898e12-a6b6-4580-a5bc-d144470ee446.jpg,Normal
1af14365-3525-4d0c-970b-b8d1144ce013.jpg,Normal
07e098bf-ee2b-4990-9612-211d27755fc1.jpg,Normal
0ddd6a54-2ac8-4022-8c68-514a83c382db.jpg,Normal
01d25340-86f2-44e2-b5df-c645794c0ea9.jpg,Normal
0f35ea41-60c5-43e9-9c42-f5b7684b233f.jpg,Normal
38004170-d131-4ac5-9657-8ead9899deee.jpg,Normal
09ee55b3-1ca3-4358-b46b-34d917670455.jpg,Normal
0c0de3a5-1114-4761-8033-9c4df6619ed2.jpg,Normal
1a0fd55c-510c-4366-baa3-d0c099aa52d3.jpg,Normal
38d116de-2d7e-4d58-a725-9fb3c5f1db33.jpg,Normal
0e3bc91c-a31e-4428-8d67-b3d6a665d18a.jpg,Normal
04b12f97-adb1-4dc5-81e9-0a0abcdf0a5d.jpg,Normal
0f3b24a4-da38-4aea-be42-1441d86991b6.jpg,Normal
1585b337-c53f-4174-9a5b-efa5727e5daa.jpg,Normal
02412ea5-fc91-4356-9ca0-98ff2baf2282.jpg,Normal
1b67549a-bdf8-42d7-be40-fc47ac65d089.jpg,Normal
1fec97cf-b37e-4bd9-9beb-5fdc676bf5c0.jpg,Normal
1a7a24f7-ad0a-4567-83e4-d3858bcabfb1.jpg,Normal
03eccc2b-e9e0-44bc-8887-1ea0583932c9.jpg,Normal
01d37fcb-dde8-471f-9653-320b9ca681f2.jpg,Normal
11bcfacf-c1a0-4380-8ef3-249509d53d2e.jpg,Normal
1fcea2c3-0592-426f-860d-657209eac7f9.jpg,Normal
2a13cda9-6e75-4f95-bde7-e7f62eab6976.jpg,Normal
01e268dc-46e5-49a6-91b6-af769ee6ae56.jpg,Normal
10da2130-4b4c-4458-ae35-f39ccc09031d.jpg,Normal
0d0cc72d-0235-4fca-9ab1-9a74276d9659.jpg,Normal
07ffc174-0e99-4296-ac10-0cd90a0354d3.jpg,Normal
0d95c07f-fbae-429f-9e2d-05848140955c.jpg,Normal
0db45e96-45f9-4cfc-be44-e98066dc2fd0.jpg,Normal
0de9cdfa-3d89-4c24-8fbd-85233c57e455.jpg,Normal
0cf1ef38-085e-4cce-afd5-9ab743d6667c.jpg,Normal
04a9ee42-1fc0-427f-87ce-e6da1409eaf9.jpg,Normal
0b86d57b-8dfb-47c4-94de-d3a32e42c83c.jpg,Normal
008c35b5-b7a6-46c1-8339-ae71040aad8a.jpg,Normal
10f1ff6e-c3b4-45ad-ba55-e6203b86a1b5.jpg,Normal
1afcf63f-ac7e-426c-8342-5a1a593f06dc.jpg,Normal
0a15baea-cc52-4082-a3e1-4cbc49debecc.jpg,Normal
04af9574-53aa-47e1-b0ed-a57f3956192f.jpg,Normal
02d6d620-c5b9-4f59-8aee-d5a5b2a7c8d0.jpg,Normal
0ca8b582-2419-4a7e-a59a-466344840523.jpg,Normal
0f1d946e-ce28-42a7-a719-3286b03ae0b5.jpg,Normal
001f286c-fd4c-4d3b-8987-0f61d7ae40ed.jpg,Normal
1d2eb162-7874-4597-8457-f43fb5df4a7e.jpg,Normal
1ac184b0-99d9-42b2-b643-ee744214b2f5.jpg,Normal
03b414c9-24d3-4bf4-a271-447239ebb42a.jpg,Normal
2af24fe0-80ae-47ff-a225-52c9be2458d6.jpg,Normal
0e9af6f0-89eb-451b-b3ff-474f49d6f1ac.jpg,Normal
02c2c29f-9ca5-463a-baa7-da03777dfe43.jpg,Normal
06e92f27-1bc5-46b8-81db-7963a500415a.jpg,Normal
0774139a-4736-4a85-b79c-5b3bb1a62d89.jpg,Normal
04df607c-f58a-4363-b37f-07a3472322a7.jpg,Normal
0ad62886-df33-4aca-b235-2b4112719e6c.jpg,Normal
0cad8486-45df-4a84-916b-68abede68878.jpg,Normal
05b4a27d-ed29-40c0-b2f1-59e6556bd020.jpg,Normal
0cbddd47-c7f6-474b-9e9a-b5d2429a2312.jpg,Normal
3598864b-4a47-40c0-b326-860b57f5324c.jpg,Normal
05b2609b-583c-483d-bb72-d63b80e6b3f4.jpg,Normal
00c05e42-977d-48b6-8960-6bf76503fade.jpg,Normal
30255603-8899-47f8-adad-3f9c0838f39d.jpg,Normal
10d14ae7-a169-4502-aff6-bb21bf7b3d05.jpg,Normal
2ab5119e-4ab7-4c60-8410-9f1be1c3c16e.jpg,Normal
80ac1575-cf3f-4613-9650-a430237b66a9.jpg,Normal
0c805cdd-7e0e-4dbe-badf-fbda56f3decf.jpg,Normal
03599e50-f034-4982-a3a7-e7be1a19fd30.jpg,Normal
0f289221-d696-40ba-b533-73e30ee959e3.jpg,Normal
0abe4b1d-0a5c-4bdb-8e5b-f59fc7753e29.jpg,Normal
0b7ec396-a04e-4e93-a77c-042af11a78e4.jpg,Normal
0f4ea5d0-d0ae-4e93-a722-3c0589b07d03.jpg,Normal
01a17dd6-b60c-4983-9ed9-8501b60b0369.jpg,Normal
0fc14da4-965e-4635-8c01-be9adf87aeba.jpg,Normal
0bdd37bd-942e-44f0-b23f-e909de726b0f.jpg,Normal
1474576a-4289-43bd-9876-b6755425ee79.jpg,Normal
0d82ac34-e160-41c3-9fee-76cac989e383.jpg,Normal
17448a3e-5f9a-4a06-9928-052ca17d38dc.jpg,Normal
1a4fc14e-82e8-40b4-bec4-105ce57483f1.jpg,Normal
055fb7b5-dcf1-4176-a947-86514ca58fdf.jpg,Normal
0fbda0f1-61aa-443c-9a4e-eae4bba3b4b7.jpg,Normal
04c28b35-b462-4a46-85cb-055707a6dc2f.jpg,Normal
0a6568d8-9d07-4cf6-a999-292f893f18fe.jpg,Normal
1ad5f195-867b-4323-959e-2da05070842c.jpg,Normal
00c1197e-a3b3-4a83-a29f-ebf2013babc7.jpg,Normal
1a4aef92-43a2-4deb-b7c3-c78345eb2e67.jpg,Normal
0e789464-2102-4a56-9e29-a9693218fc9e.jpg,Normal
0d30567b-828f-4827-96ce-8b0d37fb3eac.jpg,Normal
0fad690e-9686-4627-86a1-bc35bbac59ed.jpg,Normal
00a33b94-f7ab-4739-a88e-5d9dbe2c6cc1.jpg,Normal
11a5993d-23a9-4ae6-a570-f43e0ce807c1.jpg,Normal
166debec-a635-4cfa-8871-04f312fea021.jpg,Normal
041317e7-c493-4b74-a70d-da85517c1723.jpg,Normal
0cae3b80-068e-41da-af2c-37863b4141e2.jpg,Normal
12f43f02-197e-4064-8c26-04b185765aae.jpg,Normal
20af6f0e-c676-4526-9d16-6763e86b0bf2.jpg,Normal
90961730-1488-444b-832d-3e61c9cf58bf.jpg,Normal
08a16cd8-c3b3-4613-972a-5d14d7c13def.jpg,Normal
1cd7f661-e416-4898-b745-6ea6ef7b69b3.jpg,Normal
06ddded0-b889-46e6-93cc-8a3afd77560b.jpg,Normal
0c4bc54e-368c-451d-80c9-d36bfb24ed7b.jpg,Normal
07148468-9a3e-4d93-9e33-77c62de88c92.jpg,Normal
0eccd041-2821-4023-87c3-58b91b2018d0.jpg,Normal
317aad14-a001-4904-8d22-a029c8ce6f01.jpg,Normal
1ad7ddb7-4f0b-4c05-8871-4b59795f7ae3.jpg,Normal
02bcc1ef-8b05-42df-a4a6-6503939955c4.jpg,Normal
2a69b301-4e67-496c-adcc-04ee3f09e225.jpg,Normal
124b6e5d-9fd7-4f8e-a354-c2af6d4afce0.jpg,Normal
0fd46789-4656-49fe-a0b1-6b81017b650c.jpg,Normal
04926b47-c224-4d2d-b8b5-e0af79782f0f.jpg,Normal
12387aef-f679-4999-b88a-76219472edfd.jpg,Normal
06298e6c-bbda-45c4-8581-3833cbbaa7d1.jpg,Normal
0d19a202-6282-4182-9ea3-a2ab42980a44.jpg,Normal
0fe18f54-280a-4133-b6cf-d58e7794977e.jpg,Normal
0f8d4099-d319-4a00-8917-1f8bf196403e.jpg,Normal
0e35d6dd-64f1-4f2a-889b-5f46bfe6bd73.jpg,Normal
0dd762fb-55ce-4d3d-b27d-d17f61389907.jpg,Normal
04ab96f3-8987-4468-9a65-b2da894a2214.jpg,Normal
0d24bfc9-85ee-4576-a162-c939310137c0.jpg,Normal
2a125bf5-9945-4e60-9d56-9c826887db2c.jpg,Normal
0dd2a5c0-777a-4add-8956-8c3d6e851cc1.jpg,Normal
04447576-4c6a-45c3-8f68-b2aa97ee0484.jpg,Normal
11ecc8aa-6bf6-46d2-911d-43a49a75b6c7.jpg,Normal
0fd70516-f83d-46b9-a86c-b43fc74460b6.jpg,Normal
1ae4a354-2392-4c30-a9fc-808d91c795e1.jpg,Normal
28bffc91-0996-4493-90c9-bc4d2a74b6f5.jpg,Normal
00fa7e47-c015-4132-9e2d-9fcbe7f73c88.jpg,Normal
0ceb1dbe-909b-4bd7-84da-2d420e4be6db.jpg,Normal
10a7f20b-d19b-4b6e-8d1a-0fadb465e627.jpg,Normal
2bec5be5-0c48-4807-b9e7-764bf78fa727.jpg,Normal
0ab8e570-da28-414f-8e3f-6e485e238e8d.jpg,Normal
0481e8fd-737a-441d-a05d-cea7ed13b96f.jpg,Normal
0d168f21-b91e-4d9c-9810-be3e51eafb8d.jpg,Normal
3599841a-6831-4273-bf70-051025544d8a.jpg,Normal
07463135-84e2-411e-b350-38b18241c4a9.jpg,Normal
1a6f9c79-ecf5-45fb-b659-0342d12ea61c.jpg,Normal
01c1b32b-42f0-47e0-9a1e-08e3bfcd69fa.jpg,Normal
00cb4138-dd62-437a-a4dc-6f522b6070b0.jpg,Normal
1a166ba3-bcbf-40d2-b2fa-0f27c0459512.jpg,Normal
0ba511f7-9a65-41e7-b6b2-4bdd1eeae55c.jpg,Normal
185b679a-a974-4e9a-9471-c3e2a60f859d.jpg,Normal
04ade712-292e-4b04-b0e8-585f77e93085.jpg,Normal
80d75fa7-f363-417c-ab55-3ecbf56a854d.jpg,Normal
045db05f-f5b2-41ee-8c3d-cfe6255afded.jpg,Normal
0b99cd26-78da-44de-aee2-196500223d0a.jpg,Normal
0d8e3f71-24ab-4e82-af0b-cde57ede2aed.jpg,Normal
0bcc9f51-6074-434d-8bed-74478eb3c217.jpg,Normal
08cc205b-ce9e-4ab2-875f-9ae23e22277d.jpg,Normal
1d46d3ce-91e9-4e39-8538-36bef77c9219.jpg,Normal
010c67ff-f0a0-4222-b1bb-b7e64221f24e.jpg,Normal
2a451c14-d2b3-4efa-ae59-7bd73dc256cb.jpg,Normal
0c615fcd-eab0-4c8c-a517-b67e54f829a6.jpg,Normal
1d7a68e7-3434-4eaa-b24e-15d6ce4ec0a9.jpg,Normal
0ef7b2c9-ea11-4a25-b5d5-d29a12d00ad9.jpg,Normal
012cea7a-7b5d-4643-a749-8eb61961bb2e.jpg,Normal
027958ef-a985-4fa3-aa8d-e46dc7fc8b1b.jpg,Normal
59792830-5b03-43de-8243-46a24ae898fb.jpg,Normal
0b9861f2-0e25-481f-a0ee-1fda6366a301.jpg,Normal
83a69b38-7b0e-4eb9-a053-930dcb487815.jpg,Normal
0fede160-d6bf-46ab-9e76-c72275386167.jpg,Normal
1a1db1f4-1aa5-418b-a2a8-c8eef3e7411b.jpg,Normal
1d7da470-c5ad-40b7-a179-44328765f6db.jpg,Normal
0aae25e0-b38d-4f7a-8b95-7e782ff558e9.jpg,Normal
0f84e16e-54ce-4efc-9cc8-2fc0d03fe59f.jpg,Normal
32596450-bd26-400e-98d1-261ece8184b7.jpg,Normal
1aaa2ea5-ff4c-4f0f-9a5b-66af485fd289.jpg,Normal
0191224d-6b1d-45c7-a0f8-1eba5450b7e8.jpg,Normal
030747d9-259e-4bfe-a7d9-ab2755bcac0d.jpg,Normal
0cf68d36-6926-4e9a-9df0-4e74b4ad8890.jpg,Normal
3853b9fe-638f-48d4-8015-66e326690184.jpg,Normal
0a1f6d8e-05fc-4f07-94f0-d9d0314305ed.jpg,Normal
0d851e23-de3c-4041-a6ed-6651854a6348.jpg,Normal
0d78872a-8f54-455a-8639-386cf1d36c8c.jpg,Normal
0cd1c01c-3f40-4a23-a18c-9090753ac043.jpg,Normal
01a395a4-ff32-46c9-8328-5dbd573ab0a8.jpg,Normal
1ac75844-ecbe-4fa9-b3ad-0d1d4b3aa16b.jpg,Normal
164b9bd0-d459-40bd-adc0-62aa42c15f05.jpg,Normal
0d222f35-770f-4e64-a197-8c7a0b49ea25.jpg,Normal
06ed46cb-8f6c-4de2-b037-e3391fc71f69.jpg,Normal
1786e847-2bab-4e54-b8e3-edc3a0225fad.jpg,Normal
8fecd3d9-d04c-4cf1-8749-b1cc8034fbef.jpg,Normal
1531ed1a-d842-4bad-a576-6c15ee7cebdb.jpg,Normal
1f8061a5-fde1-4c11-800a-76fecdc472e3.jpg,Normal
0dbd8e31-6676-42f2-b71a-6cb8b728adf6.jpg,Normal
113cf67b-3b2e-4209-acc7-df81e76d344b.jpg,Normal
008adb8a-1ccc-49a6-b770-b58a1b35af6f.jpg,Normal
0b769dcc-088a-4726-9908-a1d6eab0ab28.jpg,Normal
06a535bc-e128-45f4-84ea-adf094e3cc36.jpg,Normal
1598dab1-2f68-4684-b79e-4fcdb8153b18.jpg,Normal
00e590c3-5596-437e-858a-55d7eb721267.jpg,Normal
0a2d7556-7f6b-485f-bf82-45aeed7d7be1.jpg,Normal
0bf1e929-adca-4d97-bada-07e35f18816f.jpg,Normal
1340e186-6be2-43f0-a0fd-a33ba15a5dd1.jpg,Normal
1c28553d-5dd0-4d47-af5e-9aca236d6418.jpg,Normal
06e8e2a3-ef74-452c-a93c-137c19b66f78.jpg,Normal
1d3722e7-faee-436e-a684-0059f0d5fa7a.jpg,Normal
0f3b6026-84a1-4f1b-a337-cb91427757e5.jpg,Normal
0db14acd-2741-46d1-aac1-df09e6a22fad.jpg,Normal
21218f42-0c29-4f89-9bc9-3ca26ff45739.jpg,Normal
1a71ce21-73b4-41f1-a60c-e01b39e8133f.jpg,Normal
0f107d7c-fb0c-459a-8bbb-2bec049898f2.jpg,Normal
0419d30e-3b39-4c2f-8ff1-eb14a7fae6e6.jpg,Normal
05ed63c0-cd14-411a-a080-62fad78e69db.jpg,Normal
1985ab53-1aac-49a8-a81a-e515e3b065ae.jpg,Normal
05eaf27f-ca54-4a2b-a2a3-10408a5a7e84.jpg,Normal
0ea5fb87-7f42-4286-9f2d-59dc175dc8eb.jpg,Normal
0ed28902-c4d6-47dd-8eb8-98816f260065.jpg,Normal
06ad0867-4c2e-4675-95a1-a2aef3287dbf.jpg,Normal
0fd4ca16-292d-4a80-8cdc-25f611a957e9.jpg,Normal
0e4e9414-608f-4d0d-8186-89607793505d.jpg,Normal
1dcb26d0-b2dc-4408-b4ab-5c57db57c484.jpg,Normal
118308e2-3a99-4ed9-9b8a-dd8c3d4c29d7.jpg,Normal
18a3d645-6ec5-4f42-9cf3-1836edd614d5.jpg,Normal
2f15ab65-bca2-4e6a-9dde-3ab81f153cc5.jpg,Normal
0af3b7fb-d142-4507-b897-e536b346a108.jpg,Normal
0a1508d6-83c0-43b0-9651-5539dd39cb54.jpg,Normal
0b378e4a-2497-4fcf-900d-64be81548ebc.jpg,Normal
1bd2e6bd-e49f-42b1-9b02-1f17b49f7480.jpg,Normal
01f0cb19-1b11-4f2e-bf72-d621d13856c4.jpg,Normal
0f5635b7-a6b4-4800-b307-7c11ee9b6dfa.jpg,Normal
00e96491-73bd-4fec-9698-5558ab025672.jpg,Normal
189ca773-9c38-4a9d-aa6e-d7917c811700.jpg,Normal
15e9f341-5fcf-4f2d-ba60-a41c4de95db0.jpg,Normal
51992278-4180-48fb-a1b5-a3f3cd0a9c2d.jpg,Normal
0e9554eb-7eb8-4582-9247-e62bcc609ddd.jpg,Normal
097e6316-4945-450e-80bf-8365263a096e.jpg,Normal
0fa75e83-60cb-4ca5-9259-c682a8446395.jpg,Normal
52528845-a764-4234-a372-c73b8fae58ea.jpg,Normal
0f5bf98f-1ed9-4d2b-b4e8-d09e4ccb7248.jpg,Normal
1c45fc3c-04e9-42c7-9095-efff2cef414c.jpg,Normal
1e5ccaac-8571-4c38-9482-c455dd0fb64d.jpg,Normal
03a33655-f98b-42f1-83ab-f040667638db.jpg,Normal
0fad5f53-bb1a-46ae-8ccd-05af110c426a.jpg,Normal
0ddd7e02-d9dd-4c8b-85e6-5222caeb9627.jpg,Normal
2a16b410-a2e7-4e05-a6ee-62b5048340f7.jpg,Normal
1aea32da-b8f4-49c3-90df-bdb1dbedc1f2.jpg,Normal
006a797a-4a39-462a-88d5-a3d51e8c8781.jpg,Normal
0ed7d90a-9079-4a6a-9fd8-60abb3f9a066.jpg,Normal
009c78b5-f509-4e5e-ae1a-226cff012752.jpg,Normal
02463f8e-94e2-45e9-85e6-2dff8a456ee1.jpg,Normal
0d272d3f-a696-4b29-bb1e-db10aaf7d7ce.jpg,Normal
10bc74ab-2035-4eb4-bd22-b1d34e5e69ac.jpg,Normal
39755f21-a2ef-4dfa-8f0a-4f965ef01b1d.jpg,Normal
0ee9c470-aef2-4a11-bd42-d29bf3aa60dc.jpg,Normal
01e23607-39f3-4d84-a05a-17db85bb039b.jpg,Normal
08c6a034-f979-406d-a11d-022bb7974638.jpg,Normal
1ac7f093-65d2-42e8-a082-41b0c14d3337.jpg,Normal
10b64e7e-3446-48b1-87a4-e81a7b867fbe.jpg,Normal
073a332c-940f-4775-b377-db58f4f3470b.jpg,Normal
1e7345f3-b8be-4777-9211-522532e61296.jpg,Normal
078e76e6-1a77-4f9e-b106-6fd5a924f16c.jpg,Normal
65439184-5072-4268-a34a-2dc0aca489b6.jpg,Normal
07358d65-c3fb-4729-9858-0aa3c1bb126c.jpg,Normal
069ee6b1-a1c8-4d6e-9b27-9942c60bdbee.jpg,Normal
290b324b-4356-4aa5-acc3-7384b214b46d.jpg,Normal
15980a8b-121c-43c7-8b5e-a3ebbd445edc.jpg,Normal
0e3878a8-aa25-48f3-93f0-1ed6067b5104.jpg,Normal
0f598fde-c1ec-42b3-86cf-951c851a899b.jpg,Normal
0d64c872-0267-4abd-80e5-c43d3872ef80.jpg,Normal
0e3cc13e-15ee-4928-b49c-85fcf56a2a2a.jpg,Normal
0f83c78b-c5bf-43ec-9748-a957c5dd819f.jpg,Normal
0a87c808-fad0-4c02-ba0c-65858cb8f2b8.jpg,Normal
00ef8bd1-2fe1-4f5b-8f00-bf6ed8aa1f1e.jpg,Normal
145239fb-fb30-4f81-8c48-c79a88fdeb13.jpg,Normal
04a774bf-4cac-4bc3-ae7b-6b270e3c736b.jpg,Normal
0f974a5c-57ad-430e-b154-d83b45b57c77.jpg,Normal
01ca7cda-2d5e-4500-86ac-e63dce66519c.jpg,Normal
1a794bd4-bdb1-474a-8a98-67c86c06eb1c.jpg,Normal
0f7752ad-7320-45ca-95dd-dd0a022cf9ec.jpg,Normal
1e5df3ff-6ae4-4b92-b98d-33f73e4b670f.jpg,Normal
0b5aabdf-4557-4234-9b8f-d0da1dc218d3.jpg,Normal
1b9c9fff-3846-46c8-b64c-64c67f5f61a6.jpg,Normal
0ecc7c5b-8aa5-4d26-a043-cf45a4767b37.jpg,Normal
182ef603-e32e-45ac-a03d-4718e767cd78.jpg,Normal
1a1f8285-0853-428a-9288-3de18ccca0a3.jpg,Normal
0b91332d-7d5b-4f3f-8a08-fd409e964fa5.jpg,Normal
10057aa4-5cab-4558-a997-3d081babf579.jpg,Normal
0d8d9389-8c99-46bd-a7c6-acb604c07ada.jpg,Normal
1cf8ba6f-f8cc-4a15-85d2-c2fbace5b54b.jpg,Normal
0b388d6b-d5f4-4659-b5c3-770d38fbe1db.jpg,Normal
01c6c368-fd9f-45dc-bf6c-2e9f4e182872.jpg,Normal
0bacde35-7d90-4d83-beaa-091727353b10.jpg,Normal
1b5fd18b-3a0e-4858-8b2b-624122519971.jpg,Normal
172812fa-34c1-49db-b343-d17a66fca6d5.jpg,Normal
0a1db077-d78d-4350-85b3-0f43c50d159f.jpg,Normal
0f4cf5d9-c565-4448-a82f-d371e29f956f.jpg,Normal
1f6a3409-7ee0-43e2-a99b-303b433debbe.jpg,Normal
0110e477-49f0-4dfa-833a-421c1ea0eb4f.jpg,Normal
1ac61eb3-2323-438c-80c0-41aef0957e60.jpg,Normal
1d8fb0f7-b641-42a8-b892-fa0f277560d4.jpg,Normal
1c47a7f6-5ff9-4f5d-95c9-de4af3ba90dc.jpg,Normal
18643d64-dd0e-47e1-8b77-4eff904184ed.jpg,Normal
34a5be73-a7fa-4232-8302-4ab86a70aa97.jpg,Normal
0a2cbbad-5506-4b9d-a91b-bf94dc34d263.jpg,Normal
00f22407-ceee-417f-9695-13939222c3cf.jpg,Normal
876636b3-2400-46b0-8d9f-cc128eb11a47.jpg,Normal
1f6c02cf-5367-4702-b3c6-57641bb9a961.jpg,Normal
0fa0c851-a128-428a-972e-928052ca04bd.jpg,Normal
1f469390-b29b-4a62-8a29-c4bd067a40ae.jpg,Normal
0ea89c69-e4d9-45fd-b99c-4d5b968f7e37.jpg,Normal
1af30f1f-ef7c-499d-8cb8-5bf6ae531ca2.jpg,Normal
1c7b32b1-9665-4398-b601-794780a2e7f0.jpg,Normal
03883b17-2536-487c-bc74-66da3e6d1417.jpg,Normal
0ebec6e2-3589-487f-891f-312ccb0d2b56.jpg,Normal
1ac86c28-192d-4ac4-8394-03ac05b17508.jpg,Normal
1fb5dd3e-53a7-4857-8863-f5f5dac7b5e6.jpg,Normal
0da9b6d0-e03a-4960-adfa-c8e30e5999ad.jpg,Normal
14556989-c4d3-43c4-9e17-bc26b0602694.jpg,Normal
263ea7c0-1bf2-463d-a241-d1423263a9a3.jpg,Normal
0d8dda2e-13e5-4d63-93e4-b62bb3429664.jpg,Normal
19d4594e-195d-4c46-b708-52b1dbaf709b.jpg,Normal
0062840b-fc92-40d3-bb85-3f49570f3eb5.jpg,Normal
2a2b3555-d659-454b-8fde-9277d3fc0484.jpg,Normal
17eabac0-cbdb-4713-9692-d8e6763dfc5b.jpg,Normal
0eec3951-d06d-48d8-8802-7b0ce9e84f73.jpg,Normal
53741807-9319-40ff-8457-415978957719.jpg,Normal
31502834-f21e-47d2-b648-b742dc1d59a1.jpg,Normal
0cff9808-5cc0-4a91-a254-3c22373b3ac6.jpg,Normal
0b3adb14-d2bc-40f4-9de8-37fad7621312.jpg,Normal
07138426-0f9f-461d-855e-fc8a64d881a9.jpg,Normal
113fb2d5-2b70-43b2-9d68-9de6079ca8c9.jpg,Normal
0a733af0-e784-43a6-8246-d3ac9c834b82.jpg,Normal
0637bb37-1818-428d-9162-7eae568efeec.jpg,Normal
04bec131-1cb6-411f-9052-2d22aa7ae960.jpg,Normal
1d539613-bf3a-4af3-ba97-897a046c6d04.jpg,Normal
52592171-f39b-4127-8f49-8e2a88d9768b.jpg,Normal
0e70449e-bb23-46f4-ae32-c9f2717d5f6f.jpg,Normal
3b34617d-023a-4b44-ba5e-8367ea3c5fb8.jpg,Normal
1b29fb7f-fda5-4ae2-ba1b-7a07af29e284.jpg,Normal
11e76a7c-a8e1-428a-969a-0de36d5308fc.jpg,Normal
0d7bceea-0b11-4cbc-bbf2-421c938d4e3a.jpg,Normal
01a70203-0527-446d-a7f0-b8081b02c44c.jpg,Normal
00dd0f6e-0955-4b4d-b33a-a7072a65fcee.jpg,Normal
0ef6c261-077a-40c1-9e94-bd4ef801ca9a.jpg,Normal
0aec2acb-c3c5-448f-9584-b95dc40fbf07.jpg,Normal
161d5fdf-fd7b-455d-b928-ef31afdae40d.jpg,Normal
02d70eb9-98f7-4d5b-a818-f8d627705ec8.jpg,Normal
2e190426-6d20-4ec8-b261-ddf3fd767d30.jpg,Normal
04c5e6d4-14ba-45b7-bc51-d884c472550f.jpg,Normal
0f47bf43-9231-47b5-893f-6984d43e378f.jpg,Normal
0cd8eb98-e533-408a-a18d-49db30485c2a.jpg,Normal
0fe48ef6-9d66-4a22-866d-72390ef81183.jpg,Normal
0394b9f2-c9e1-4fe8-9f67-2c6654fa9dc8.jpg,Normal
017664b2-5587-4547-8f09-2a9ddd593e6d.jpg,Normal
61406258-7921-41b6-8749-d27e4cb9f4a0.jpg,Normal
1f8e97bb-4a91-4fd3-8bce-d516bd1bf5b7.jpg,Normal
09cdd933-2ee2-4b95-901f-a6a483b768d6.jpg,Normal
001a470a-2a8c-4d96-97c7-669821d01c7c.jpg,Normal
0289dc8e-9c0b-47a7-9d4f-9ace4e4defa1.jpg,Normal
17e0a0bb-e876-460d-8d76-a44bfafc3ea1.jpg,Normal
10ab9cad-43c5-49a5-b79b-ea7bea33862a.jpg,Normal
0442ec19-fa16-4119-b13a-527c84779c9f.jpg,Normal
0a70b659-658c-4303-bc81-5a5cbf26a8c3.jpg,Normal
064b3464-d669-4d4a-959d-e06aa02c8255.jpg,Normal
0b6ee1a9-0f00-4b20-9b21-6625c2d03ed1.jpg,Normal
0b14b9ac-d5c3-4899-8b9d-7b20e3e9dffc.jpg,Normal
0ab41c98-2c38-44c5-a485-0b613e4667ea.jpg,Normal
2c75eda0-dd9f-4275-b5b6-02921bfdc3a3.jpg,Normal
021b88f1-4f9e-410a-83f5-28e79f959457.jpg,Normal
1a0a32d9-29b9-45bc-a95b-4fed6b7b7501.jpg,Normal
11a5ea17-23a4-4c5d-8895-13011cbc2b8d.jpg,Normal
1e0ee952-64bc-492a-a7f7-697726f8a020.jpg,Normal
058ebba2-1437-4695-b1c8-11aa84341032.jpg,Normal
07d56f1e-d853-44b8-b8c3-71b630ef6634.jpg,Normal
0ecfe8bb-9d3e-4a4d-b097-8f246bcf3529.jpg,Normal
1a69ab65-3b73-46ff-a427-234268eec0ce.jpg,Normal
0d32c098-f502-4dec-bd4d-8900d6bb0f31.jpg,Normal
1ff85e7a-c2fa-4b47-83af-16f8326ada25.jpg,Normal
11d128b2-521b-4748-8196-64c0eaeb3bc9.jpg,Normal
0e75dceb-d4b0-4367-8454-10bf66fe4c20.jpg,Normal
1adcfb11-d7a5-4762-9bf7-a87b53761789.jpg,Normal
1becb31a-e907-4f54-959f-1ba66e7188b1.jpg,Normal
0b574342-1e82-4e36-a572-d1f9900496f8.jpg,Normal
0fe58c82-9859-46bb-a0ac-b90c9c3bf2ef.jpg,Normal
1ab22a1f-05bb-489d-9692-2323cab6de8b.jpg,Normal
02d3b6bf-a0af-4851-9124-91224ec1cc71.jpg,Normal
19ae9522-20c4-48f3-bec5-187042d31f63.jpg,Normal
0e775291-141a-4bc0-8db8-4bfb7b01815b.jpg,Normal
0d5a653e-fb1a-4bdf-8346-64cb612ba746.jpg,Normal
1bba7239-267c-4cd3-87be-7007a68a486c.jpg,Normal
1afea1f3-6450-4d3b-8645-82162971134f.jpg,Normal
0bbbdf1a-a7bf-4440-9963-9ee14cbde5a6.jpg,Normal
0c4ed627-923d-43b8-9f89-a21408d2d642.jpg,Normal
0d39c405-2aa9-4c62-90a4-3350478b40bf.jpg,Normal
0fc084c5-2750-43ae-954c-ce8f3a39119c.jpg,Normal
2551996c-ba98-430b-878b-a2afba7c44fb.jpg,Normal
0c69b2d3-6335-45c0-8296-9415ee7c145f.jpg,Normal
00b14af0-470e-4de3-b333-28b300c4915d.jpg,Normal
0f002a26-8448-4710-a751-a60f6408a41b.jpg,Normal
0b7d1fa0-46ba-465b-9944-5ccf675731e8.jpg,Normal
45450256-53c5-4250-bdd4-7e3482019d66.jpg,Normal
14a1b59d-5369-41fe-a12f-c4a93bd0a872.jpg,Normal
06c9fcd2-04e9-4f5a-95aa-b8973ae2e421.jpg,Normal
0b1c15f0-365d-40ec-b03f-aff2bd5992b9.jpg,Normal
031ab94d-23a4-4cce-9b12-e3a6e3b34cb4.jpg,Normal
0fa55077-f111-44de-bc7b-d9c123f8c6e9.jpg,Normal
54929207-f692-4c5d-8962-b41501b4eb75.jpg,Normal
05ec1f59-a8cb-415d-9c5a-b20b21aba86d.jpg,Normal
0f4fce35-f6c4-424e-8a2d-fa6884488def.jpg,Normal
03ce8fdb-c6ed-4e81-9848-fdfcd6902ab0.jpg,Normal
0b78020f-1e99-4b60-9db8-60429c31c616.jpg,Normal
0c627007-9b46-4c42-bad0-fe0c8a3fa74a.jpg,Normal
08db0100-e684-43b6-ab95-d264635b3133.jpg,Normal
0003a22d-c55e-44f1-a97f-b569d40873b3.jpg,Normal
2ce9aefb-574e-4bac-b1cb-258eef54f704.jpg,Normal
25385846-6b34-4d48-a843-ff48adf77d38.jpg,Normal
0e4612d0-a4a6-4a69-a266-96077544ece6.jpg,Normal
063be8e2-3e6c-45e2-87ee-8480be14b708.jpg,Normal
15b83096-6cd1-48e8-95fb-b2369cd1b101.jpg,Normal
0b1ba58c-25e3-4a19-81d9-c8b581ad23e8.jpg,Normal
1a72e0ac-7ea7-4bd9-8047-e81f476ecefd.jpg,Normal
01f80293-4679-41ef-99ba-f6ce85ba367e.jpg,Normal
0a28ae73-865d-431a-bc91-65fe09a4a88a.jpg,Normal
0dafb096-21fc-4878-8743-0fae71759be9.jpg,Normal
0be994a1-d359-42b8-96be-9363a5eaac4c.jpg,Normal
0ddd31ef-27f9-4118-9516-4a9c868ffb9f.jpg,Normal
0d6e41fc-5f70-48c5-a1b8-0e8e153454c8.jpg,Normal
0b0d8816-a231-46bf-a3fd-1908d179a2b3.jpg,Normal
38777ed9-5229-4330-865b-6bac9b46c5eb.jpg,Normal
1a7bc6a6-c15e-4161-b525-5a523a1a4c22.jpg,Normal
009cd135-b3e5-4401-9756-2a7adaaf1481.jpg,Normal
2b62f10e-7129-4837-9b18-9cb9a6ae903b.jpg,Normal
03a4eb4b-6dff-4bf1-9b48-3a4986ff9c0a.jpg,Normal
0c192d17-18ae-4731-bbb5-1117b8576466.jpg,Normal
0a4e63a3-c0f9-4a44-a8f8-5052350f1dc0.jpg,Normal
16afeae6-1f2c-4bfd-a0b7-5c55ead71335.jpg,Normal
03a31e45-45fd-4c7c-803f-37db9aa61285.jpg,Normal
1a6a24ae-86a3-4639-bee0-41ef57666c0f.jpg,Normal
1a2d424a-bede-4d0f-b646-ff26f80148f7.jpg,Normal
0d93b15d-21a8-4a34-81cc-595e95180737.jpg,Normal
114ad238-3d9e-44ee-9396-e736c7e754d8.jpg,Normal
0ed3eb58-58d2-4e2a-8498-3b7ea021f33c.jpg,Normal
160f267e-45d3-440d-892e-091f75d3e6b4.jpg,Normal
37837055-29aa-4849-95a4-4d9779beb4ea.jpg,Normal
08a378f1-b760-42b2-a8b8-3f50e111929c.jpg,Normal
0bca5c17-41eb-4021-b2ed-6e87b8742ce5.jpg,Normal
0ddaf516-34e1-486c-84db-1b29cf6dc46a.jpg,Normal
0f547810-42dd-45a2-a695-55940ac1112b.jpg,Normal
066ea7c9-8ed5-4d75-a2a2-775fc75710aa.jpg,Normal
0b891644-9a16-4935-9b6b-54e4718cedd0.jpg,Normal
02195171-d062-4a03-862d-278d04aa9dc9.jpg,Normal
1a247014-8081-4022-bd74-08bd25ee28f5.jpg,Normal
05adcf2b-efb9-4e74-9025-5139f10dc615.jpg,Normal
18e38f82-6d5a-45cb-b358-c45ea4cc4f45.jpg,Normal
1a62e66c-67df-49e5-a754-bfcbc23f484e.jpg,Normal
1ae5a276-fdc4-4c35-8d52-0aa0f93f35e0.jpg,Normal
58548858-9126-446f-abb9-7d5451995ed3.jpg,Normal
00e9ae4e-415b-4d36-883f-721053e68b49.jpg,Normal
0e959477-ab26-4b21-9474-45186f73e09b.jpg,Normal
2a6c5986-ae40-4eae-81c8-fa578418b97f.jpg,Normal
8ff27ac5-9ac7-459c-9e21-226d7369d844.jpg,Normal
09ec8b12-ca94-43fe-a93c-007a02ca7f8e.jpg,Normal
15dfcb95-8f1c-451f-8059-ee10979673ca.jpg,Normal
08ca98f4-5186-47e3-a38c-8d6fe8787327.jpg,Normal
15bfe2a1-d4d1-4017-be9c-fe208de28ab7.jpg,Normal
0bab96eb-2e81-4e06-8982-098233282051.jpg,Normal
37173831-3212-4f74-af88-f46d001354ee.jpg,Normal
13eaf3e2-d266-4620-ba8f-b504bfed05c8.jpg,Normal
0d536292-0924-493b-998a-a1e1a1b681c7.jpg,Normal
006d8e3f-fa35-4141-b408-7fbdbce44d39.jpg,Normal
10d5965f-3cdd-42e8-b789-94c5fef29c32.jpg,Normal
0b2d642a-1b13-4cb1-8218-bcb594856df5.jpg,Normal
03d8ccc5-60af-4a3b-b9aa-eca3f30873a0.jpg,Normal
0e6b3f78-7dfd-4261-9f98-22cf3afb96e0.jpg,Normal
09b12c8a-704a-42b2-aded-9f99cb36ca98.jpg,Normal
0d857069-e249-42f1-9a1b-4f12ec895fd7.jpg,Normal
8f526551-0959-442f-9084-c899a360e6ad.jpg,Normal
0d5a10c4-1d99-449b-a866-2a78d291d391.jpg,Normal
0648412e-8977-40f5-a44d-2fd813010f4a.jpg,Normal
0d9264f7-2529-4359-a27b-092071e1b490.jpg,Normal
1e58987f-c96d-4f97-bbc4-ecc99b9006e2.jpg,Normal
06ed00cb-c699-4d15-b0d4-fe1feb2eddb2.jpg,Normal
07b818d6-501a-4a62-ba75-855eb9992ee0.jpg,Normal
30a62e02-9e33-460c-97e1-50bef4b9fe21.jpg,Normal
0b8843e9-8acf-4574-ba45-2560359b885f.jpg,Normal
00fbe9e7-9279-4a5b-8da7-02290f555326.jpg,Normal
0b438075-7ec4-4267-bc30-e6ddd9c67aa0.jpg,Normal
0c3a875d-82d7-423e-be1d-8a648dadb14a.jpg,Normal
1097f834-9c38-4f5a-8680-129060183516.jpg,Normal
1becd039-7e47-4542-9bd9-3ad3100f20e3.jpg,Normal
00f38329-ed32-4945-828f-6d4d11668dd8.jpg,Normal
07f7a72f-906d-4d64-820b-9da05c8d950c.jpg,Normal
03c34d07-b1e7-4205-be65-ac2a7d349a9e.jpg,Normal
0db2e054-b447-4071-b2fe-6bbe2aa54e39.jpg,Normal
01bbb4d9-d724-410f-b9db-61553ffa1e00.jpg,Normal
07175d2d-fade-4fe4-a2b0-f1a589acfbf3.jpg,Normal
040d476c-248a-452d-baa6-6d4600c6d8bb.jpg,Normal
2f13df63-58a2-4043-94a5-b03217a1e44a.jpg,Normal
39aa6862-5fb1-4cef-afe0-9f82ee6ff54d.jpg,Normal
0513ddb8-b780-40de-ad8c-098906383624.jpg,Normal
0ab51934-9f7e-4b9b-a4e1-69df57bc8e57.jpg,Normal
1c979129-0621-449b-9b5b-a22a41b382f2.jpg,Normal
0b856ebe-cd56-42a7-8428-a1ec4eac8f11.jpg,Normal
04ebfc62-b84c-4a95-b315-0d4ceea48734.jpg,Normal
0c8d6fa6-112c-4d72-bd99-d338902f590e.jpg,Normal
05be0273-79bc-4cba-a4a9-5cbe7558d94b.jpg,Normal
0ae41ead-5577-4c19-a93a-35d2acdf1596.jpg,Normal
57414344-d472-4c0f-8c43-3d5c8f11a60b.jpg,Normal
07fc5f4e-a480-4f29-ae7a-0075f9b04a31.jpg,Normal
05a4d223-7e2b-4a5b-b022-639449aa1d14.jpg,Normal
2dbae11c-8331-4784-9f78-fa64e17e1d25.jpg,Normal
0dfb3011-08e3-4c09-840e-1acd03cddf35.jpg,Normal
0eaf987e-eb73-4c2e-8769-5c253fbccc1a.jpg,Normal
1befb442-427f-439b-b72c-5fefcae83c15.jpg,Normal
0a4ef674-6ccd-4b26-a8e0-a8d7e3f2f6be.jpg,Normal
0b754e2b-540b-40d2-8410-dde2243cc9d4.jpg,Normal
178b3af1-b9bb-4a88-b723-b8ec0f1ac302.jpg,Normal
0a017b79-db3c-4949-8f82-3802a56c1efb.jpg,Normal
0cfc0272-a54a-408b-99ef-61501f152353.jpg,Normal
005414db-2b85-420d-b575-57412a29b628.jpg,Normal
1a20593d-d8cf-4228-947e-e84dbdfc7327.jpg,Normal
0ca7cc92-58fa-4f5e-90b9-6f32fcf4c53c.jpg,Normal
0ecbcefc-2fa0-4108-b560-1f779f2b3280.jpg,Normal
17cbe4bb-6dbf-4510-a3af-520f9b2b1429.jpg,Normal
0261dcdd-eea0-422c-9880-9b44831deee8.jpg,Normal
0e5db41a-17bf-42bc-9e31-e462409158fc.jpg,Normal
12923fff-7957-4b9b-bc50-21d4f9f95ce7.jpg,Normal
07f293b0-b5e3-4b2f-aed4-152b47c98c1e.jpg,Normal
0f6b9247-1e89-4507-86dc-9b07183123aa.jpg,Normal
0e9030fc-9eb6-4774-9c92-ad50cbb40628.jpg,Normal
157815bc-3fe9-465f-a3b3-0c11e7cc4693.jpg,Normal
026a5867-a58f-4d05-a725-a0bb3aee8f20.jpg,Normal
10aa9fc3-6fd7-46f5-ac33-aa401fc29ed5.jpg,Normal
033b9a40-7e14-4fb2-83d0-56b7d9c444ab.jpg,Normal
10a291fb-755d-4879-b77f-de86b1350687.jpg,Normal
05e95cb6-c5fc-41ee-9f4a-07206e13e1ff.jpg,Normal
1e03a773-0ccf-4360-889f-328b0720b878.jpg,Normal
0e1f3f18-610d-4721-9e38-546d32db390c.jpg,Normal
069c38a3-de9e-4a8c-b2f7-7bacbbdb38b3.jpg,Normal
01cbe6b9-8ff6-46d6-b126-83e3bb982097.jpg,Normal
05a53332-1e00-4c1b-9cad-e567adf0b159.jpg,Normal
1b993209-022b-415d-bfb5-bffd4b6beb1b.jpg,Normal
2bb3042e-a43b-4627-8a6a-f6abd4b3a7af.jpg,Normal
01c24fb3-7a25-4a0f-86a4-5a2a35c19b8b.jpg,Normal
04ce1180-e6e5-4694-8d7b-8aa3eefece93.jpg,Normal
1b9c7cc8-4272-4525-90f6-abf97e70647b.jpg,Normal
0bbbd25e-14e3-42a9-afee-8905b99f1faa.jpg,Normal
1d1d8253-ce6b-459d-a4fc-c93a12618fd9.jpg,Normal
138ba529-32e6-4299-bba7-8b23bed0358b.jpg,Normal
0c5fbc54-7447-44a6-8523-dbcc3247b019.jpg,Normal
0ef38052-aa57-423e-8236-f3dd162e87c3.jpg,Normal
57149495-0d0a-401b-99dc-8e8868339a77.jpg,Normal
0b1640d5-9983-417e-81c1-d01913e86c31.jpg,Normal
195a1b87-2b24-4cda-bc00-5c0fb0d91fdf.jpg,Normal
0a0af1fa-3dd2-4d33-ae93-f0fab56e3e89.jpg,Normal
198cb1dd-5563-4a68-a727-f0f66e4a9c1c.jpg,Normal
01a0a3ba-4487-4bee-a093-af792c472786.jpg,Normal
0d3d1cf3-db63-40db-8a86-6453fe555dcd.jpg,Normal
1f32135d-adcf-4cca-bb7d-c9291b8e48ec.jpg,Normal
1f07ed19-4e4c-4e3d-86d6-5c5178ea0315.jpg,Normal
01ca6f62-f46f-40b1-96a7-99ec917852b4.jpg,Normal
05264d7b-ab36-492f-a4c1-7167dcfdcacd.jpg,Normal
0b2397a8-bb76-462d-8f39-f443cec7ba88.jpg,Normal
06f8bd65-4ab6-4684-a043-9a616ac01a2c.jpg,Normal
01cbd6dc-2b45-47eb-9243-e0b9d774240c.jpg,Normal
13f871f7-b118-4328-9cd5-be4e5fe74255.jpg,Normal
0acb483f-08b6-40fe-8a74-114485890df1.jpg,Normal
1d15b99d-78b6-43c3-aad7-7609305ac611.jpg,Normal
05e29ebc-e7f3-4060-8f89-f6df136b4b42.jpg,Normal
0d49f73d-789b-4fd5-97e6-461aee50d7d3.jpg,Normal
21713b51-421f-49dc-949f-da1be423cae4.jpg,Normal
1e7c4611-1633-49f3-afe4-cf12b6a2b56f.jpg,Normal
06d537e2-00fc-43ba-8240-016aa90331ef.jpg,Normal
0f4caa4f-5d40-4e89-bb28-955e6bc4f54c.jpg,Normal
071cd90d-b2b5-4420-b9f6-de693bcc32d8.jpg,Normal
049f50a8-5d75-4d9f-86f4-f208bcc3efc0.jpg,Normal
01ef399c-8664-41a8-9830-2819d9126c0a.jpg,Normal
0af78edf-cd27-402c-9800-6bdcf6cccb21.jpg,Normal
084088b9-c2b7-462b-b355-0b77b40ab87c.jpg,Normal
2bcf79fe-7079-4c88-8b02-b21850246228.jpg,Normal
0bdf79af-9173-49f4-a87c-44b6051b7806.jpg,Normal
0ca1821c-9473-41d8-9c60-cfa98aa2663a.jpg,Normal
1b52550d-be19-4ec2-8760-b9e0f3197c4e.jpg,Normal
25932432-a1ad-4dd3-8d83-d638ae508ea6.jpg,Normal
18b6eafe-22ef-4813-84dd-601d65d7c9e0.jpg,Normal
0ea5141d-47f9-4c56-8d86-1863007997d2.jpg,Normal
09c42d59-afe9-42fc-8e75-a585a84541fa.jpg,Normal
0cbb41df-885f-4ec8-aec2-a2ed5a74d971.jpg,Normal
06fe8917-2d55-4a67-8b93-e508db5366c3.jpg,Normal
0fa00e0c-5286-49a8-8f38-00db4899da73.jpg,Normal
0d4f8b16-6786-4353-907a-556449098aeb.jpg,Normal
0a652443-fc70-4482-afc6-0c15846443df.jpg,Normal
11dccbda-807f-4979-9bd5-26ec799e533c.jpg,Normal
09a16daf-9092-4e40-87c5-2b5dea56133e.jpg,Normal
0fea3a1b-128f-4428-b414-e5ca2624e3c7.jpg,Normal
33651580-0721-4c88-93ad-2431209b8123.jpg,Normal
06a7a4cc-46fe-4f50-ab30-f5da5dff7991.jpg,Normal
0e157cea-352c-4e2d-91f8-c2be37d8b517.jpg,Normal
03f1ee69-025e-457e-8734-200fa86c7272.jpg,Normal
0a0d080e-ace7-414d-959e-e481a045aa69.jpg,Normal
7be8d444-780b-4269-b748-e198c4a3bcab.jpg,Normal
8fda5a36-dcb2-45b3-a0fe-82148bc7b0fe.jpg,Normal
030b45b0-8360-4529-9b4f-b4a7b0114159.jpg,Normal
03d59ca5-b9de-414a-adbb-02e2a2d892d2.jpg,Normal
03e842b6-1ee1-4e14-a196-2e2e59bb8bee.jpg,Normal
05793f38-6e76-4f1e-b1d8-57b4efdf2187.jpg,Normal
1b6771df-7f11-4e91-9ec0-6ed886df43f9.jpg,Normal
005fcbc8-f230-449d-9c1e-e1905402f3dc.jpg,Normal
0813069e-253e-4deb-bdaf-d1d4546b6f45.jpg,Normal
05399671-0d97-429c-9e38-5cffd815c971.jpg,Normal
000c10f1-372c-4ed0-9e05-a00d56d701b0.jpg,Normal
01ffc93e-a806-483d-988b-a0876fdd4e7f.jpg,Normal
04cb57fd-1a8f-4d95-ae82-2a6a11241701.jpg,Normal
04b83c36-9b62-453a-9e30-7923f0fd557a.jpg,Normal
0c1b368f-6701-4675-8cbb-369cd787b446.jpg,Normal
0b13feef-0cd4-4a78-92e3-f09f5bbfd8fe.jpg,Normal
0a482786-365d-4eae-8314-6bf52a2a7ab5.jpg,Normal
1b7077c7-23b4-45b8-856d-177da438d215.jpg,Normal
0d77d0d4-5214-4bea-b74c-febee0d81266.jpg,Normal
00ea1415-fda8-481f-8144-64f21962d70a.jpg,Normal
0a544fe8-e665-4067-9cb4-9bcee7621a00.jpg,Normal
053c5663-4c2b-45c0-9d29-621f644307d2.jpg,Normal
06120c70-b7d4-4033-888a-079b29db0f54.jpg,Normal
0cb7a55d-4e0f-45d8-ada6-71f56d40ef67.jpg,Normal
037f05b9-5a70-494c-a0e8-0b9a09e39d47.jpg,Normal
04e950c8-e31c-4388-b450-b28c51da7fcd.jpg,Normal
035af620-4cdc-403c-839d-7b0388a6c7db.jpg,Normal
0e1aad68-19e8-460a-9dd8-2b8d1c76e007.jpg,Normal
01e07f44-6f43-47b2-ab47-bff35681b04d.jpg,Normal
0f4aa49c-f06a-4b81-ae90-6160f33c156b.jpg,Normal
0f055653-113c-4a71-8078-e861ee57612d.jpg,Normal
0b204e6e-51b2-4983-a9f5-e8d1b312cdb4.jpg,Normal
02ffa496-f14a-410c-bbb5-274637197b82.jpg,Normal
358d46d1-983d-4a7d-ac5a-8589cddb0860.jpg,Normal
10f5e9b5-260c-44ad-995a-df91464efc72.jpg,Normal
0b92395b-736e-4ee7-a9a1-72e027bb459e.jpg,Normal
0f3f22d3-2635-4185-8e2f-399b14d0d0b2.jpg,Normal
1ca125eb-b4a6-4f88-9e31-9bee06d3b9f0.jpg,Normal
08ad1aa8-ea65-48e1-9754-b1928fc3f3d2.jpg,Normal
0c580a45-2f30-4186-9567-6331fe201452.jpg,Normal
1541419b-88bd-4126-abd2-0d27aa2cb976.jpg,Normal
1fab3378-f984-462f-bb09-e6e4876386f5.jpg,Normal
0db6d3b2-52ca-493c-aed2-040695867805.jpg,Normal
1945b99f-d77f-4cd8-960f-c9d6c8bed217.jpg,Normal
05fb3356-251f-43cc-b7ce-ae6dfe14b9ba.jpg,Normal
04455336-ed0c-40b9-bcde-9682c8dd1b8e.jpg,Normal
238a98cf-5354-463f-a4d9-b9c37f1917fb.jpg,Normal
20728363-7b89-4977-9aa6-63e166502e65.jpg,Normal
0bd79ba0-2828-4b6b-8147-53e19f69337d.jpg,Normal
0ed9fbae-c74f-44ad-8be9-de9fba0fe3d3.jpg,Normal
03c47c88-742f-4db8-9464-5bb7ca600e20.jpg,Normal
0a20ced6-36d7-43c7-83a4-fd1a87cf65f1.jpg,Normal
2ba25133-ed8b-46f1-bc18-49e9dd81bfd7.jpg,Normal
00b42d2b-799b-4254-85fe-a4f2d5c4aecb.jpg,Normal
07fd4365-9988-4291-9aa7-f2028bd2596b.jpg,Normal
1a7f1c01-b97e-4cc9-b7c9-7c71e6453e86.jpg,Normal
076653ff-e810-4a68-9d20-c7913f24ad78.jpg,Normal
100H0001.jpg,Ileum
